"date","yield_2y_pct","yield_10y_pct","yield_30y_pct","yield_source","effective_date","decision","change_bp","target_lower_pct","target_upper_pct","statement_url","policy_source","statement_source","decision_evidence"
2022-01-03,0.78,1.63,2.01,"data/raw/treasury_2020_2023_archive.html",,,,,,,,,
2022-01-04,0.77,1.66,2.07,"data/raw/treasury_2020_2023_archive.html",,,,,,,,,
2022-01-05,0.83,1.71,2.09,"data/raw/treasury_2020_2023_archive.html",,,,,,,,,
2022-01-06,0.88,1.73,2.09,"data/raw/treasury_2020_2023_archive.html",,,,,,,,,
2022-01-07,0.87,1.76,2.11,"data/raw/treasury_2020_2023_archive.html",,,,,,,,,
2022-01-10,0.92,1.78,2.11,"data/raw/treasury_2020_2023_archive.html",,,,,,,,,
2022-01-11,0.9,1.75,2.08,"data/raw/treasury_2020_2023_archive.html",,,,,,,,,
2022-01-12,0.92,1.74,2.08,"data/raw/treasury_2020_2023_archive.html",,,,,,,,,
2022-01-13,0.91,1.7,2.05,"data/raw/treasury_2020_2023_archive.html",,,,,,,,,
2022-01-14,0.99,1.78,2.12,"data/raw/treasury_2020_2023_archive.html",,,,,,,,,
2022-01-18,1.06,1.87,2.18,"data/raw/treasury_2020_2023_archive.html",,,,,,,,,
2022-01-19,1.04,1.83,2.14,"data/raw/treasury_2020_2023_archive.html",,,,,,,,,
2022-01-20,1.08,1.83,2.14,"data/raw/treasury_2020_2023_archive.html",,,,,,,,,
2022-01-21,1.01,1.75,2.07,"data/raw/treasury_2020_2023_archive.html",,,,,,,,,
2022-01-24,0.99,1.75,2.1,"data/raw/treasury_2020_2023_archive.html",,,,,,,,,
2022-01-25,1.02,1.78,2.12,"data/raw/treasury_2020_2023_archive.html",,,,,,,,,
2022-01-26,1.13,1.85,2.16,"data/raw/treasury_2020_2023_archive.html",,,,,,,,,
2022-01-27,1.18,1.81,2.09,"data/raw/treasury_2020_2023_archive.html",,,,,,,,,
2022-01-28,1.15,1.78,2.07,"data/raw/treasury_2020_2023_archive.html",,,,,,,,,
2022-01-31,1.18,1.79,2.11,"data/raw/treasury_2020_2023_archive.html",,,,,,,,,
2022-02-01,1.18,1.81,2.12,"data/raw/treasury_2020_2023_archive.html",,,,,,,,,
2022-02-02,1.16,1.78,2.11,"data/raw/treasury_2020_2023_archive.html",,,,,,,,,
2022-02-03,1.19,1.82,2.14,"data/raw/treasury_2020_2023_archive.html",,,,,,,,,
2022-02-04,1.31,1.93,2.23,"data/raw/treasury_2020_2023_archive.html",,,,,,,,,
2022-02-07,1.3,1.92,2.22,"data/raw/treasury_2020_2023_archive.html",,,,,,,,,
2022-02-08,1.35,1.96,2.25,"data/raw/treasury_2020_2023_archive.html",,,,,,,,,
2022-02-09,1.36,1.94,2.25,"data/raw/treasury_2020_2023_archive.html",,,,,,,,,
2022-02-10,1.61,2.03,2.3,"data/raw/treasury_2020_2023_archive.html",,,,,,,,,
2022-02-11,1.5,1.92,2.24,"data/raw/treasury_2020_2023_archive.html",,,,,,,,,
2022-02-14,1.58,1.98,2.29,"data/raw/treasury_2020_2023_archive.html",,,,,,,,,
2022-02-15,1.58,2.05,2.37,"data/raw/treasury_2020_2023_archive.html",,,,,,,,,
2022-02-16,1.52,2.03,2.34,"data/raw/treasury_2020_2023_archive.html",,,,,,,,,
2022-02-17,1.49,1.97,2.31,"data/raw/treasury_2020_2023_archive.html",,,,,,,,,
2022-02-18,1.47,1.92,2.24,"data/raw/treasury_2020_2023_archive.html",,,,,,,,,
2022-02-22,1.56,1.94,2.24,"data/raw/treasury_2020_2023_archive.html",,,,,,,,,
2022-02-23,1.58,1.99,2.29,"data/raw/treasury_2020_2023_archive.html",,,,,,,,,
2022-02-24,1.54,1.96,2.28,"data/raw/treasury_2020_2023_archive.html",,,,,,,,,
2022-02-25,1.55,1.97,2.29,"data/raw/treasury_2020_2023_archive.html",,,,,,,,,
2022-02-28,1.44,1.83,2.17,"data/raw/treasury_2020_2023_archive.html",,,,,,,,,
2022-03-01,1.31,1.72,2.11,"data/raw/treasury_2020_2023_archive.html",,,,,,,,,
2022-03-02,1.5,1.86,2.24,"data/raw/treasury_2020_2023_archive.html",,,,,,,,,
2022-03-03,1.53,1.86,2.24,"data/raw/treasury_2020_2023_archive.html",,,,,,,,,
2022-03-04,1.5,1.74,2.16,"data/raw/treasury_2020_2023_archive.html",,,,,,,,,
2022-03-07,1.55,1.78,2.19,"data/raw/treasury_2020_2023_archive.html",,,,,,,,,
2022-03-08,1.63,1.86,2.24,"data/raw/treasury_2020_2023_archive.html",,,,,,,,,
2022-03-09,1.68,1.94,2.29,"data/raw/treasury_2020_2023_archive.html",,,,,,,,,
2022-03-10,1.72,1.98,2.38,"data/raw/treasury_2020_2023_archive.html",,,,,,,,,
2022-03-11,1.75,2,2.36,"data/raw/treasury_2020_2023_archive.html",,,,,,,,,
2022-03-14,1.87,2.14,2.47,"data/raw/treasury_2020_2023_archive.html",,,,,,,,,
2022-03-15,1.85,2.15,2.49,"data/raw/treasury_2020_2023_archive.html",,,,,,,,,
2022-03-16,1.95,2.19,2.46,"data/raw/treasury_2020_2023_archive.html",2022-03-17,"Hike",25,0.25,0.5,"https://www.federalreserve.gov/newsevents/pressreleases/monetary20220316a.htm","data/raw/fed_openmarket.html","data/raw/fed_statement_20220316.html","The Committee seeks to achieve maximum employment and inflation at the rate of 2 percent over the longer run. With appropriate firming in the stance of monetary policy, the Committee expects inflation to return to its 2 percent objective and the labor market to remain strong. In support of these goals, the Committee decided to raise the target range for the federal funds rate to 1/4 to 1/2 percent and anticipates that ongoing increases in the target range will be appropriate. In addition, the Committee expects to begin reducing its holdings of Treasury securities and agency debt and agency mortgage-backed securities at a coming meeting."
2022-03-17,1.94,2.2,2.5,"data/raw/treasury_2020_2023_archive.html",,,,,,,,,
2022-03-18,1.97,2.14,2.42,"data/raw/treasury_2020_2023_archive.html",,,,,,,,,
2022-03-21,2.14,2.32,2.55,"data/raw/treasury_2020_2023_archive.html",,,,,,,,,
2022-03-22,2.18,2.38,2.6,"data/raw/treasury_2020_2023_archive.html",,,,,,,,,
2022-03-23,2.13,2.32,2.52,"data/raw/treasury_2020_2023_archive.html",,,,,,,,,
2022-03-24,2.13,2.34,2.51,"data/raw/treasury_2020_2023_archive.html",,,,,,,,,
2022-03-25,2.3,2.48,2.6,"data/raw/treasury_2020_2023_archive.html",,,,,,,,,
2022-03-28,2.35,2.46,2.57,"data/raw/treasury_2020_2023_archive.html",,,,,,,,,
2022-03-29,2.35,2.41,2.53,"data/raw/treasury_2020_2023_archive.html",,,,,,,,,
2022-03-30,2.31,2.35,2.48,"data/raw/treasury_2020_2023_archive.html",,,,,,,,,
2022-03-31,2.28,2.32,2.44,"data/raw/treasury_2020_2023_archive.html",,,,,,,,,
2022-04-01,2.44,2.39,2.44,"data/raw/treasury_2020_2023_archive.html",,,,,,,,,
2022-04-04,2.43,2.42,2.48,"data/raw/treasury_2020_2023_archive.html",,,,,,,,,
2022-04-05,2.51,2.54,2.57,"data/raw/treasury_2020_2023_archive.html",,,,,,,,,
2022-04-06,2.5,2.61,2.63,"data/raw/treasury_2020_2023_archive.html",,,,,,,,,
2022-04-07,2.47,2.66,2.69,"data/raw/treasury_2020_2023_archive.html",,,,,,,,,
2022-04-08,2.53,2.72,2.76,"data/raw/treasury_2020_2023_archive.html",,,,,,,,,
2022-04-11,2.5,2.79,2.84,"data/raw/treasury_2020_2023_archive.html",,,,,,,,,
2022-04-12,2.39,2.72,2.82,"data/raw/treasury_2020_2023_archive.html",,,,,,,,,
2022-04-13,2.37,2.7,2.81,"data/raw/treasury_2020_2023_archive.html",,,,,,,,,
2022-04-14,2.47,2.83,2.92,"data/raw/treasury_2020_2023_archive.html",,,,,,,,,
2022-04-18,2.46,2.85,2.95,"data/raw/treasury_2020_2023_archive.html",,,,,,,,,
2022-04-19,2.61,2.93,3.01,"data/raw/treasury_2020_2023_archive.html",,,,,,,,,
2022-04-20,2.6,2.85,2.9,"data/raw/treasury_2020_2023_archive.html",,,,,,,,,
2022-04-21,2.68,2.9,2.94,"data/raw/treasury_2020_2023_archive.html",,,,,,,,,
2022-04-22,2.72,2.9,2.95,"data/raw/treasury_2020_2023_archive.html",,,,,,,,,
2022-04-25,2.63,2.81,2.88,"data/raw/treasury_2020_2023_archive.html",,,,,,,,,
2022-04-26,2.54,2.77,2.86,"data/raw/treasury_2020_2023_archive.html",,,,,,,,,
2022-04-27,2.58,2.82,2.91,"data/raw/treasury_2020_2023_archive.html",,,,,,,,,
2022-04-28,2.63,2.85,2.92,"data/raw/treasury_2020_2023_archive.html",,,,,,,,,
2022-04-29,2.7,2.89,2.96,"data/raw/treasury_2020_2023_archive.html",,,,,,,,,
2022-05-02,2.73,2.99,3.07,"data/raw/treasury_2020_2023_archive.html",,,,,,,,,
2022-05-03,2.78,2.97,3.03,"data/raw/treasury_2020_2023_archive.html",,,,,,,,,
2022-05-04,2.66,2.93,3.01,"data/raw/treasury_2020_2023_archive.html",2022-05-05,"Hike",50,0.75,1,"https://www.federalreserve.gov/newsevents/pressreleases/monetary20220504a.htm","data/raw/fed_openmarket.html","data/raw/fed_statement_20220504.html","The Committee seeks to achieve maximum employment and inflation at the rate of 2 percent over the longer run. With appropriate firming in the stance of monetary policy, the Committee expects inflation to return to its 2 percent objective and the labor market to remain strong. In support of these goals, the Committee decided to raise the target range for the federal funds rate to 3/4 to 1 percent and anticipates that ongoing increases in the target range will be appropriate. In addition, the Committee decided to begin reducing its holdings of Treasury securities and agency debt and agency mortgage-backed securities on June 1, as described in the Plans for Reducing the Size of the Federal Reserve's Balance Sheet that were issued in conjunction with this statement."
2022-05-05,2.71,3.05,3.15,"data/raw/treasury_2020_2023_archive.html",,,,,,,,,
2022-05-06,2.72,3.12,3.23,"data/raw/treasury_2020_2023_archive.html",,,,,,,,,
2022-05-09,2.61,3.05,3.19,"data/raw/treasury_2020_2023_archive.html",,,,,,,,,
2022-05-10,2.62,2.99,3.12,"data/raw/treasury_2020_2023_archive.html",,,,,,,,,
2022-05-11,2.66,2.91,3.05,"data/raw/treasury_2020_2023_archive.html",,,,,,,,,
2022-05-12,2.56,2.84,3,"data/raw/treasury_2020_2023_archive.html",,,,,,,,,
2022-05-13,2.61,2.93,3.1,"data/raw/treasury_2020_2023_archive.html",,,,,,,,,
2022-05-16,2.58,2.88,3.09,"data/raw/treasury_2020_2023_archive.html",,,,,,,,,
2022-05-17,2.71,2.98,3.17,"data/raw/treasury_2020_2023_archive.html",,,,,,,,,
2022-05-18,2.68,2.89,3.07,"data/raw/treasury_2020_2023_archive.html",,,,,,,,,
2022-05-19,2.63,2.84,3.05,"data/raw/treasury_2020_2023_archive.html",,,,,,,,,
2022-05-20,2.6,2.78,2.99,"data/raw/treasury_2020_2023_archive.html",,,,,,,,,
2022-05-23,2.65,2.86,3.08,"data/raw/treasury_2020_2023_archive.html",,,,,,,,,
2022-05-24,2.5,2.76,2.98,"data/raw/treasury_2020_2023_archive.html",,,,,,,,,
2022-05-25,2.48,2.75,2.97,"data/raw/treasury_2020_2023_archive.html",,,,,,,,,
2022-05-26,2.46,2.75,2.99,"data/raw/treasury_2020_2023_archive.html",,,,,,,,,
2022-05-27,2.47,2.74,2.97,"data/raw/treasury_2020_2023_archive.html",,,,,,,,,
2022-05-31,2.53,2.85,3.07,"data/raw/treasury_2020_2023_archive.html",,,,,,,,,
2022-06-01,2.66,2.94,3.09,"data/raw/treasury_2020_2023_archive.html",,,,,,,,,
2022-06-02,2.65,2.92,3.09,"data/raw/treasury_2020_2023_archive.html",,,,,,,,,
2022-06-03,2.66,2.96,3.11,"data/raw/treasury_2020_2023_archive.html",,,,,,,,,
2022-06-06,2.73,3.04,3.19,"data/raw/treasury_2020_2023_archive.html",,,,,,,,,
2022-06-07,2.75,2.98,3.13,"data/raw/treasury_2020_2023_archive.html",,,,,,,,,
2022-06-08,2.78,3.03,3.18,"data/raw/treasury_2020_2023_archive.html",,,,,,,,,
2022-06-09,2.83,3.04,3.18,"data/raw/treasury_2020_2023_archive.html",,,,,,,,,
2022-06-10,3.06,3.15,3.2,"data/raw/treasury_2020_2023_archive.html",,,,,,,,,
2022-06-13,3.4,3.43,3.42,"data/raw/treasury_2020_2023_archive.html",,,,,,,,,
2022-06-14,3.45,3.49,3.45,"data/raw/treasury_2020_2023_archive.html",,,,,,,,,
2022-06-15,3.2,3.33,3.39,"data/raw/treasury_2020_2023_archive.html",2022-06-16,"Hike",75,1.5,1.75,"https://www.federalreserve.gov/newsevents/pressreleases/monetary20220615a.htm","data/raw/fed_openmarket.html","data/raw/fed_statement_20220615.html","The Committee seeks to achieve maximum employment and inflation at the rate of 2 percent over the longer run. In support of these goals, the Committee decided to raise the target range for the federal funds rate to 1‑1/2 to 1-3/4 percent and anticipates that ongoing increases in the target range will be appropriate. In addition, the Committee will continue reducing its holdings of Treasury securities and agency debt and agency mortgage-backed securities, as described in the Plans for Reducing the Size of the Federal Reserve's Balance Sheet that were issued in May. The Committee is strongly committed to returning inflation to its 2 percent objective."
2022-06-16,3.14,3.28,3.35,"data/raw/treasury_2020_2023_archive.html",,,,,,,,,
2022-06-17,3.17,3.25,3.3,"data/raw/treasury_2020_2023_archive.html",,,,,,,,,
2022-06-21,3.21,3.31,3.39,"data/raw/treasury_2020_2023_archive.html",,,,,,,,,
2022-06-22,3.06,3.16,3.25,"data/raw/treasury_2020_2023_archive.html",,,,,,,,,
2022-06-23,3.01,3.09,3.21,"data/raw/treasury_2020_2023_archive.html",,,,,,,,,
2022-06-24,3.04,3.13,3.26,"data/raw/treasury_2020_2023_archive.html",,,,,,,,,
2022-06-27,3.08,3.2,3.31,"data/raw/treasury_2020_2023_archive.html",,,,,,,,,
2022-06-28,3.1,3.2,3.3,"data/raw/treasury_2020_2023_archive.html",,,,,,,,,
2022-06-29,3.06,3.1,3.22,"data/raw/treasury_2020_2023_archive.html",,,,,,,,,
2022-06-30,2.92,2.98,3.14,"data/raw/treasury_2020_2023_archive.html",,,,,,,,,
2022-07-01,2.84,2.88,3.11,"data/raw/treasury_2020_2023_archive.html",,,,,,,,,
2022-07-05,2.82,2.82,3.05,"data/raw/treasury_2020_2023_archive.html",,,,,,,,,
2022-07-06,2.97,2.93,3.14,"data/raw/treasury_2020_2023_archive.html",,,,,,,,,
2022-07-07,3.03,3.01,3.2,"data/raw/treasury_2020_2023_archive.html",,,,,,,,,
2022-07-08,3.12,3.09,3.27,"data/raw/treasury_2020_2023_archive.html",,,,,,,,,
2022-07-11,3.07,2.99,3.18,"data/raw/treasury_2020_2023_archive.html",,,,,,,,,
2022-07-12,3.03,2.96,3.13,"data/raw/treasury_2020_2023_archive.html",,,,,,,,,
2022-07-13,3.13,2.91,3.08,"data/raw/treasury_2020_2023_archive.html",,,,,,,,,
2022-07-14,3.15,2.96,3.11,"data/raw/treasury_2020_2023_archive.html",,,,,,,,,
2022-07-15,3.13,2.93,3.1,"data/raw/treasury_2020_2023_archive.html",,,,,,,,,
2022-07-18,3.15,2.96,3.14,"data/raw/treasury_2020_2023_archive.html",,,,,,,,,
2022-07-19,3.23,3.01,3.17,"data/raw/treasury_2020_2023_archive.html",,,,,,,,,
2022-07-20,3.25,3.04,3.17,"data/raw/treasury_2020_2023_archive.html",,,,,,,,,
2022-07-21,3.1,2.91,3.08,"data/raw/treasury_2020_2023_archive.html",,,,,,,,,
2022-07-22,2.98,2.77,3,"data/raw/treasury_2020_2023_archive.html",,,,,,,,,
2022-07-25,3,2.81,3.04,"data/raw/treasury_2020_2023_archive.html",,,,,,,,,
2022-07-26,3.02,2.81,3.03,"data/raw/treasury_2020_2023_archive.html",,,,,,,,,
2022-07-27,2.96,2.78,3.03,"data/raw/treasury_2020_2023_archive.html",2022-07-28,"Hike",75,2.25,2.5,"https://www.federalreserve.gov/newsevents/pressreleases/monetary20220727a.htm","data/raw/fed_openmarket.html","data/raw/fed_statement_20220727.html","The Committee seeks to achieve maximum employment and inflation at the rate of 2 percent over the longer run. In support of these goals, the Committee decided to raise the target range for the federal funds rate to 2-1/4 to 2-1/2 percent and anticipates that ongoing increases in the target range will be appropriate. In addition, the Committee will continue reducing its holdings of Treasury securities and agency debt and agency mortgage-backed securities, as described in the Plans for Reducing the Size of the Federal Reserve's Balance Sheet that were issued in May. The Committee is strongly committed to returning inflation to its 2 percent objective."
2022-07-28,2.85,2.68,3.02,"data/raw/treasury_2020_2023_archive.html",,,,,,,,,
2022-07-29,2.89,2.67,3,"data/raw/treasury_2020_2023_archive.html",,,,,,,,,
2022-08-01,2.9,2.6,2.92,"data/raw/treasury_2020_2023_archive.html",,,,,,,,,
2022-08-02,3.06,2.75,3,"data/raw/treasury_2020_2023_archive.html",,,,,,,,,
2022-08-03,3.1,2.73,2.96,"data/raw/treasury_2020_2023_archive.html",,,,,,,,,
2022-08-04,3.03,2.68,2.97,"data/raw/treasury_2020_2023_archive.html",,,,,,,,,
2022-08-05,3.24,2.83,3.06,"data/raw/treasury_2020_2023_archive.html",,,,,,,,,
2022-08-08,3.21,2.77,3,"data/raw/treasury_2020_2023_archive.html",,,,,,,,,
2022-08-09,3.28,2.8,3.01,"data/raw/treasury_2020_2023_archive.html",,,,,,,,,
2022-08-10,3.23,2.78,3.04,"data/raw/treasury_2020_2023_archive.html",,,,,,,,,
2022-08-11,3.23,2.87,3.15,"data/raw/treasury_2020_2023_archive.html",,,,,,,,,
2022-08-12,3.25,2.84,3.12,"data/raw/treasury_2020_2023_archive.html",,,,,,,,,
2022-08-15,3.2,2.79,3.1,"data/raw/treasury_2020_2023_archive.html",,,,,,,,,
2022-08-16,3.25,2.82,3.11,"data/raw/treasury_2020_2023_archive.html",,,,,,,,,
2022-08-17,3.28,2.89,3.15,"data/raw/treasury_2020_2023_archive.html",,,,,,,,,
2022-08-18,3.22,2.88,3.14,"data/raw/treasury_2020_2023_archive.html",,,,,,,,,
2022-08-19,3.25,2.98,3.22,"data/raw/treasury_2020_2023_archive.html",,,,,,,,,
2022-08-22,3.32,3.03,3.24,"data/raw/treasury_2020_2023_archive.html",,,,,,,,,
2022-08-23,3.29,3.05,3.26,"data/raw/treasury_2020_2023_archive.html",,,,,,,,,
2022-08-24,3.36,3.11,3.32,"data/raw/treasury_2020_2023_archive.html",,,,,,,,,
2022-08-25,3.35,3.03,3.25,"data/raw/treasury_2020_2023_archive.html",,,,,,,,,
2022-08-26,3.37,3.04,3.21,"data/raw/treasury_2020_2023_archive.html",,,,,,,,,
2022-08-29,3.42,3.12,3.25,"data/raw/treasury_2020_2023_archive.html",,,,,,,,,
2022-08-30,3.46,3.11,3.23,"data/raw/treasury_2020_2023_archive.html",,,,,,,,,
2022-08-31,3.45,3.15,3.27,"data/raw/treasury_2020_2023_archive.html",,,,,,,,,
2022-09-01,3.51,3.26,3.37,"data/raw/treasury_2020_2023_archive.html",,,,,,,,,
2022-09-02,3.4,3.2,3.35,"data/raw/treasury_2020_2023_archive.html",,,,,,,,,
2022-09-06,3.5,3.33,3.49,"data/raw/treasury_2020_2023_archive.html",,,,,,,,,
2022-09-07,3.45,3.27,3.42,"data/raw/treasury_2020_2023_archive.html",,,,,,,,,
2022-09-08,3.48,3.29,3.45,"data/raw/treasury_2020_2023_archive.html",,,,,,,,,
2022-09-09,3.56,3.33,3.47,"data/raw/treasury_2020_2023_archive.html",,,,,,,,,
2022-09-12,3.58,3.37,3.53,"data/raw/treasury_2020_2023_archive.html",,,,,,,,,
2022-09-13,3.75,3.42,3.51,"data/raw/treasury_2020_2023_archive.html",,,,,,,,,
2022-09-14,3.78,3.41,3.47,"data/raw/treasury_2020_2023_archive.html",,,,,,,,,
2022-09-15,3.87,3.45,3.48,"data/raw/treasury_2020_2023_archive.html",,,,,,,,,
2022-09-16,3.85,3.45,3.52,"data/raw/treasury_2020_2023_archive.html",,,,,,,,,
2022-09-19,3.95,3.49,3.52,"data/raw/treasury_2020_2023_archive.html",,,,,,,,,
2022-09-20,3.96,3.57,3.59,"data/raw/treasury_2020_2023_archive.html",,,,,,,,,
2022-09-21,4.02,3.51,3.5,"data/raw/treasury_2020_2023_archive.html",2022-09-22,"Hike",75,3,3.25,"https://www.federalreserve.gov/newsevents/pressreleases/monetary20220921a.htm","data/raw/fed_openmarket.html","data/raw/fed_statement_20220921.html","The Committee seeks to achieve maximum employment and inflation at the rate of 2 percent over the longer run. In support of these goals, the Committee decided to raise the target range for the federal funds rate to 3 to 3-1/4 percent and anticipates that ongoing increases in the target range will be appropriate. In addition, the Committee will continue reducing its holdings of Treasury securities and agency debt and agency mortgage-backed securities, as described in the Plans for Reducing the Size of the Federal Reserve's Balance Sheet that were issued in May. The Committee is strongly committed to returning inflation to its 2 percent objective."
2022-09-22,4.11,3.7,3.65,"data/raw/treasury_2020_2023_archive.html",,,,,,,,,
2022-09-23,4.2,3.69,3.61,"data/raw/treasury_2020_2023_archive.html",,,,,,,,,
2022-09-26,4.27,3.88,3.72,"data/raw/treasury_2020_2023_archive.html",,,,,,,,,
2022-09-27,4.3,3.97,3.87,"data/raw/treasury_2020_2023_archive.html",,,,,,,,,
2022-09-28,4.07,3.72,3.7,"data/raw/treasury_2020_2023_archive.html",,,,,,,,,
2022-09-29,4.16,3.76,3.71,"data/raw/treasury_2020_2023_archive.html",,,,,,,,,
2022-09-30,4.22,3.83,3.79,"data/raw/treasury_2020_2023_archive.html",,,,,,,,,
2022-10-03,4.12,3.67,3.73,"data/raw/treasury_2020_2023_archive.html",,,,,,,,,
2022-10-04,4.1,3.62,3.7,"data/raw/treasury_2020_2023_archive.html",,,,,,,,,
2022-10-05,4.15,3.76,3.78,"data/raw/treasury_2020_2023_archive.html",,,,,,,,,
2022-10-06,4.23,3.83,3.81,"data/raw/treasury_2020_2023_archive.html",,,,,,,,,
2022-10-07,4.3,3.89,3.86,"data/raw/treasury_2020_2023_archive.html",,,,,,,,,
2022-10-11,4.3,3.93,3.92,"data/raw/treasury_2020_2023_archive.html",,,,,,,,,
2022-10-12,4.28,3.91,3.9,"data/raw/treasury_2020_2023_archive.html",,,,,,,,,
2022-10-13,4.47,3.97,3.97,"data/raw/treasury_2020_2023_archive.html",,,,,,,,,
2022-10-14,4.48,4,3.99,"data/raw/treasury_2020_2023_archive.html",,,,,,,,,
2022-10-17,4.45,4.02,4.04,"data/raw/treasury_2020_2023_archive.html",,,,,,,,,
2022-10-18,4.43,4.01,4.04,"data/raw/treasury_2020_2023_archive.html",,,,,,,,,
2022-10-19,4.55,4.14,4.15,"data/raw/treasury_2020_2023_archive.html",,,,,,,,,
2022-10-20,4.62,4.24,4.24,"data/raw/treasury_2020_2023_archive.html",,,,,,,,,
2022-10-21,4.49,4.21,4.33,"data/raw/treasury_2020_2023_archive.html",,,,,,,,,
2022-10-24,4.5,4.25,4.4,"data/raw/treasury_2020_2023_archive.html",,,,,,,,,
2022-10-25,4.42,4.1,4.26,"data/raw/treasury_2020_2023_archive.html",,,,,,,,,
2022-10-26,4.39,4.04,4.19,"data/raw/treasury_2020_2023_archive.html",,,,,,,,,
2022-10-27,4.3,3.96,4.12,"data/raw/treasury_2020_2023_archive.html",,,,,,,,,
2022-10-28,4.41,4.02,4.15,"data/raw/treasury_2020_2023_archive.html",,,,,,,,,
2022-10-31,4.51,4.1,4.22,"data/raw/treasury_2020_2023_archive.html",,,,,,,,,
2022-11-01,4.54,4.07,4.14,"data/raw/treasury_2020_2023_archive.html",,,,,,,,,
2022-11-02,4.61,4.1,4.15,"data/raw/treasury_2020_2023_archive.html",2022-11-03,"Hike",75,3.75,4,"https://www.federalreserve.gov/newsevents/pressreleases/monetary20221102a.htm","data/raw/fed_openmarket.html","data/raw/fed_statement_20221102.html","The Committee seeks to achieve maximum employment and inflation at the rate of 2 percent over the longer run. In support of these goals, the Committee decided to raise the target range for the federal funds rate to 3-3/4 to 4 percent. The Committee anticipates that ongoing increases in the target range will be appropriate in order to attain a stance of monetary policy that is sufficiently restrictive to return inflation to 2 percent over time. In determining the pace of future increases in the target range, the Committee will take into account the cumulative tightening of monetary policy, the lags with which monetary policy affects economic activity and inflation, and economic and financial developments. In addition, the Committee will continue reducing its holdings of Treasury securities and agency debt and agency mortgage-backed securities, as described in the Plans for Reducing the Size of the Federal Reserve's Balance Sheet that were issued in May. The Committee is strongly committed to returning inflation to its 2 percent objective."
2022-11-03,4.71,4.14,4.18,"data/raw/treasury_2020_2023_archive.html",,,,,,,,,
2022-11-04,4.66,4.17,4.27,"data/raw/treasury_2020_2023_archive.html",,,,,,,,,
2022-11-07,4.72,4.22,4.34,"data/raw/treasury_2020_2023_archive.html",,,,,,,,,
2022-11-08,4.67,4.14,4.28,"data/raw/treasury_2020_2023_archive.html",,,,,,,,,
2022-11-09,4.61,4.12,4.31,"data/raw/treasury_2020_2023_archive.html",,,,,,,,,
2022-11-10,4.34,3.82,4.03,"data/raw/treasury_2020_2023_archive.html",,,,,,,,,
2022-11-14,4.4,3.88,4.07,"data/raw/treasury_2020_2023_archive.html",,,,,,,,,
2022-11-15,4.37,3.8,3.98,"data/raw/treasury_2020_2023_archive.html",,,,,,,,,
2022-11-16,4.35,3.67,3.85,"data/raw/treasury_2020_2023_archive.html",,,,,,,,,
2022-11-17,4.43,3.77,3.89,"data/raw/treasury_2020_2023_archive.html",,,,,,,,,
2022-11-18,4.51,3.82,3.92,"data/raw/treasury_2020_2023_archive.html",,,,,,,,,
2022-11-21,4.48,3.83,3.91,"data/raw/treasury_2020_2023_archive.html",,,,,,,,,
2022-11-22,4.47,3.76,3.83,"data/raw/treasury_2020_2023_archive.html",,,,,,,,,
2022-11-23,4.46,3.71,3.74,"data/raw/treasury_2020_2023_archive.html",,,,,,,,,
2022-11-25,4.42,3.68,3.74,"data/raw/treasury_2020_2023_archive.html",,,,,,,,,
2022-11-28,4.46,3.69,3.74,"data/raw/treasury_2020_2023_archive.html",,,,,,,,,
2022-11-29,4.48,3.75,3.81,"data/raw/treasury_2020_2023_archive.html",,,,,,,,,
2022-11-30,4.38,3.68,3.8,"data/raw/treasury_2020_2023_archive.html",,,,,,,,,
2022-12-01,4.25,3.53,3.64,"data/raw/treasury_2020_2023_archive.html",,,,,,,,,
2022-12-02,4.28,3.51,3.56,"data/raw/treasury_2020_2023_archive.html",,,,,,,,,
2022-12-05,4.41,3.6,3.62,"data/raw/treasury_2020_2023_archive.html",,,,,,,,,
2022-12-06,4.34,3.51,3.52,"data/raw/treasury_2020_2023_archive.html",,,,,,,,,
2022-12-07,4.26,3.42,3.42,"data/raw/treasury_2020_2023_archive.html",,,,,,,,,
2022-12-08,4.31,3.48,3.44,"data/raw/treasury_2020_2023_archive.html",,,,,,,,,
2022-12-09,4.33,3.57,3.56,"data/raw/treasury_2020_2023_archive.html",,,,,,,,,
2022-12-12,4.39,3.61,3.57,"data/raw/treasury_2020_2023_archive.html",,,,,,,,,
2022-12-13,4.22,3.51,3.53,"data/raw/treasury_2020_2023_archive.html",,,,,,,,,
2022-12-14,4.23,3.49,3.52,"data/raw/treasury_2020_2023_archive.html",2022-12-15,"Hike",50,4.25,4.5,"https://www.federalreserve.gov/newsevents/pressreleases/monetary20221214a.htm","data/raw/fed_openmarket.html","data/raw/fed_statement_20221214.html","The Committee seeks to achieve maximum employment and inflation at the rate of 2 percent over the longer run. In support of these goals, the Committee decided to raise the target range for the federal funds rate to 4-1/4 to 4-1/2 percent. The Committee anticipates that ongoing increases in the target range will be appropriate in order to attain a stance of monetary policy that is sufficiently restrictive to return inflation to 2 percent over time. In determining the pace of future increases in the target range, the Committee will take into account the cumulative tightening of monetary policy, the lags with which monetary policy affects economic activity and inflation, and economic and financial developments. In addition, the Committee will continue reducing its holdings of Treasury securities and agency debt and agency mortgage-backed securities, as described in the Plans for Reducing the Size of the Federal Reserve's Balance Sheet that were issued in May. The Committee is strongly committed to returning inflation to its 2 percent objective."
2022-12-15,4.23,3.44,3.48,"data/raw/treasury_2020_2023_archive.html",,,,,,,,,
2022-12-16,4.17,3.48,3.53,"data/raw/treasury_2020_2023_archive.html",,,,,,,,,
2022-12-19,4.25,3.57,3.62,"data/raw/treasury_2020_2023_archive.html",,,,,,,,,
2022-12-20,4.25,3.69,3.74,"data/raw/treasury_2020_2023_archive.html",,,,,,,,,
2022-12-21,4.21,3.68,3.74,"data/raw/treasury_2020_2023_archive.html",,,,,,,,,
2022-12-22,4.24,3.67,3.73,"data/raw/treasury_2020_2023_archive.html",,,,,,,,,
2022-12-23,4.31,3.75,3.82,"data/raw/treasury_2020_2023_archive.html",,,,,,,,,
2022-12-27,4.32,3.84,3.93,"data/raw/treasury_2020_2023_archive.html",,,,,,,,,
2022-12-28,4.31,3.88,3.98,"data/raw/treasury_2020_2023_archive.html",,,,,,,,,
2022-12-29,4.34,3.83,3.92,"data/raw/treasury_2020_2023_archive.html",,,,,,,,,
2022-12-30,4.41,3.88,3.97,"data/raw/treasury_2020_2023_archive.html",,,,,,,,,
2023-01-03,4.4,3.79,3.88,"data/raw/treasury_2020_2023_archive.html",,,,,,,,,
2023-01-04,4.36,3.69,3.81,"data/raw/treasury_2020_2023_archive.html",,,,,,,,,
2023-01-05,4.45,3.71,3.78,"data/raw/treasury_2020_2023_archive.html",,,,,,,,,
2023-01-06,4.24,3.55,3.67,"data/raw/treasury_2020_2023_archive.html",,,,,,,,,
2023-01-09,4.19,3.53,3.66,"data/raw/treasury_2020_2023_archive.html",,,,,,,,,
2023-01-10,4.24,3.61,3.74,"data/raw/treasury_2020_2023_archive.html",,,,,,,,,
2023-01-11,4.2,3.54,3.67,"data/raw/treasury_2020_2023_archive.html",,,,,,,,,
2023-01-12,4.12,3.43,3.56,"data/raw/treasury_2020_2023_archive.html",,,,,,,,,
2023-01-13,4.22,3.49,3.61,"data/raw/treasury_2020_2023_archive.html",,,,,,,,,
2023-01-17,4.18,3.53,3.64,"data/raw/treasury_2020_2023_archive.html",,,,,,,,,
2023-01-18,4.06,3.37,3.54,"data/raw/treasury_2020_2023_archive.html",,,,,,,,,
2023-01-19,4.09,3.39,3.57,"data/raw/treasury_2020_2023_archive.html",,,,,,,,,
2023-01-20,4.14,3.48,3.66,"data/raw/treasury_2020_2023_archive.html",,,,,,,,,
2023-01-23,4.21,3.52,3.69,"data/raw/treasury_2020_2023_archive.html",,,,,,,,,
2023-01-24,4.12,3.46,3.62,"data/raw/treasury_2020_2023_archive.html",,,,,,,,,
2023-01-25,4.11,3.46,3.62,"data/raw/treasury_2020_2023_archive.html",,,,,,,,,
2023-01-26,4.17,3.49,3.62,"data/raw/treasury_2020_2023_archive.html",,,,,,,,,
2023-01-27,4.19,3.52,3.64,"data/raw/treasury_2020_2023_archive.html",,,,,,,,,
2023-01-30,4.25,3.55,3.66,"data/raw/treasury_2020_2023_archive.html",,,,,,,,,
2023-01-31,4.21,3.52,3.65,"data/raw/treasury_2020_2023_archive.html",,,,,,,,,
2023-02-01,4.09,3.39,3.55,"data/raw/treasury_2020_2023_archive.html",2023-02-02,"Hike",25,4.5,4.75,"https://www.federalreserve.gov/newsevents/pressreleases/monetary20230201a.htm","data/raw/fed_openmarket.html","data/raw/fed_statement_20230201.html","The Committee seeks to achieve maximum employment and inflation at the rate of 2 percent over the longer run. In support of these goals, the Committee decided to raise the target range for the federal funds rate to 4-1/2 to 4-3/4 percent. The Committee anticipates that ongoing increases in the target range will be appropriate in order to attain a stance of monetary policy that is sufficiently restrictive to return inflation to 2 percent over time. In determining the extent of future increases in the target range, the Committee will take into account the cumulative tightening of monetary policy, the lags with which monetary policy affects economic activity and inflation, and economic and financial developments. In addition, the Committee will continue reducing its holdings of Treasury securities and agency debt and agency mortgage-backed securities, as described in its previously announced plans. The Committee is strongly committed to returning inflation to its 2 percent objective."
2023-02-02,4.09,3.4,3.55,"data/raw/treasury_2020_2023_archive.html",,,,,,,,,
2023-02-03,4.3,3.53,3.63,"data/raw/treasury_2020_2023_archive.html",,,,,,,,,
2023-02-06,4.44,3.63,3.67,"data/raw/treasury_2020_2023_archive.html",,,,,,,,,
2023-02-07,4.47,3.67,3.72,"data/raw/treasury_2020_2023_archive.html",,,,,,,,,
2023-02-08,4.45,3.63,3.7,"data/raw/treasury_2020_2023_archive.html",,,,,,,,,
2023-02-09,4.48,3.67,3.75,"data/raw/treasury_2020_2023_archive.html",,,,,,,,,
2023-02-10,4.5,3.74,3.83,"data/raw/treasury_2020_2023_archive.html",,,,,,,,,
2023-02-13,4.52,3.72,3.79,"data/raw/treasury_2020_2023_archive.html",,,,,,,,,
2023-02-14,4.6,3.77,3.81,"data/raw/treasury_2020_2023_archive.html",,,,,,,,,
2023-02-15,4.62,3.81,3.85,"data/raw/treasury_2020_2023_archive.html",,,,,,,,,
2023-02-16,4.62,3.86,3.92,"data/raw/treasury_2020_2023_archive.html",,,,,,,,,
2023-02-17,4.6,3.82,3.88,"data/raw/treasury_2020_2023_archive.html",,,,,,,,,
2023-02-21,4.67,3.95,3.98,"data/raw/treasury_2020_2023_archive.html",,,,,,,,,
2023-02-22,4.66,3.93,3.94,"data/raw/treasury_2020_2023_archive.html",,,,,,,,,
2023-02-23,4.66,3.88,3.88,"data/raw/treasury_2020_2023_archive.html",,,,,,,,,
2023-02-24,4.78,3.95,3.93,"data/raw/treasury_2020_2023_archive.html",,,,,,,,,
2023-02-27,4.78,3.92,3.93,"data/raw/treasury_2020_2023_archive.html",,,,,,,,,
2023-02-28,4.81,3.92,3.93,"data/raw/treasury_2020_2023_archive.html",,,,,,,,,
2023-03-01,4.89,4.01,3.97,"data/raw/treasury_2020_2023_archive.html",,,,,,,,,
2023-03-02,4.89,4.08,4.03,"data/raw/treasury_2020_2023_archive.html",,,,,,,,,
2023-03-03,4.86,3.97,3.9,"data/raw/treasury_2020_2023_archive.html",,,,,,,,,
2023-03-06,4.89,3.98,3.92,"data/raw/treasury_2020_2023_archive.html",,,,,,,,,
2023-03-07,5,3.97,3.88,"data/raw/treasury_2020_2023_archive.html",,,,,,,,,
2023-03-08,5.05,3.98,3.88,"data/raw/treasury_2020_2023_archive.html",,,,,,,,,
2023-03-09,4.9,3.93,3.88,"data/raw/treasury_2020_2023_archive.html",,,,,,,,,
2023-03-10,4.6,3.7,3.7,"data/raw/treasury_2020_2023_archive.html",,,,,,,,,
2023-03-13,4.03,3.55,3.7,"data/raw/treasury_2020_2023_archive.html",,,,,,,,,
2023-03-14,4.2,3.64,3.77,"data/raw/treasury_2020_2023_archive.html",,,,,,,,,
2023-03-15,3.93,3.51,3.7,"data/raw/treasury_2020_2023_archive.html",,,,,,,,,
2023-03-16,4.14,3.56,3.71,"data/raw/treasury_2020_2023_archive.html",,,,,,,,,
2023-03-17,3.81,3.39,3.6,"data/raw/treasury_2020_2023_archive.html",,,,,,,,,
2023-03-20,3.92,3.47,3.65,"data/raw/treasury_2020_2023_archive.html",,,,,,,,,
2023-03-21,4.17,3.59,3.73,"data/raw/treasury_2020_2023_archive.html",,,,,,,,,
2023-03-22,3.96,3.48,3.68,"data/raw/treasury_2020_2023_archive.html",2023-03-23,"Hike",25,4.75,5,"https://www.federalreserve.gov/newsevents/pressreleases/monetary20230322a.htm","data/raw/fed_openmarket.html","data/raw/fed_statement_20230322.html","The Committee seeks to achieve maximum employment and inflation at the rate of 2 percent over the longer run. In support of these goals, the Committee decided to raise the target range for the federal funds rate to 4-3/4 to 5 percent. The Committee will closely monitor incoming information and assess the implications for monetary policy. The Committee anticipates that some additional policy firming may be appropriate in order to attain a stance of monetary policy that is sufficiently restrictive to return inflation to 2 percent over time. In determining the extent of future increases in the target range, the Committee will take into account the cumulative tightening of monetary policy, the lags with which monetary policy affects economic activity and inflation, and economic and financial developments. In addition, the Committee will continue reducing its holdings of Treasury securities and agency debt and agency mortgage-backed securities, as described in its previously announced plans. The Committee is strongly committed to returning inflation to its 2 percent objective."
2023-03-23,3.76,3.38,3.66,"data/raw/treasury_2020_2023_archive.html",,,,,,,,,
2023-03-24,3.76,3.38,3.64,"data/raw/treasury_2020_2023_archive.html",,,,,,,,,
2023-03-27,3.94,3.53,3.77,"data/raw/treasury_2020_2023_archive.html",,,,,,,,,
2023-03-28,4.02,3.55,3.77,"data/raw/treasury_2020_2023_archive.html",,,,,,,,,
2023-03-29,4.08,3.57,3.78,"data/raw/treasury_2020_2023_archive.html",,,,,,,,,
2023-03-30,4.1,3.55,3.74,"data/raw/treasury_2020_2023_archive.html",,,,,,,,,
2023-03-31,4.06,3.48,3.67,"data/raw/treasury_2020_2023_archive.html",,,,,,,,,
2023-04-03,3.97,3.43,3.64,"data/raw/treasury_2020_2023_archive.html",,,,,,,,,
2023-04-04,3.84,3.35,3.6,"data/raw/treasury_2020_2023_archive.html",,,,,,,,,
2023-04-05,3.79,3.3,3.56,"data/raw/treasury_2020_2023_archive.html",,,,,,,,,
2023-04-06,3.82,3.3,3.54,"data/raw/treasury_2020_2023_archive.html",,,,,,,,,
2023-04-07,3.97,3.39,3.61,"data/raw/treasury_2020_2023_archive.html",,,,,,,,,
2023-04-10,4,3.41,3.62,"data/raw/treasury_2020_2023_archive.html",,,,,,,,,
2023-04-11,4.03,3.43,3.62,"data/raw/treasury_2020_2023_archive.html",,,,,,,,,
2023-04-12,3.95,3.41,3.64,"data/raw/treasury_2020_2023_archive.html",,,,,,,,,
2023-04-13,3.96,3.45,3.69,"data/raw/treasury_2020_2023_archive.html",,,,,,,,,
2023-04-14,4.08,3.52,3.74,"data/raw/treasury_2020_2023_archive.html",,,,,,,,,
2023-04-17,4.18,3.6,3.81,"data/raw/treasury_2020_2023_archive.html",,,,,,,,,
2023-04-18,4.19,3.58,3.79,"data/raw/treasury_2020_2023_archive.html",,,,,,,,,
2023-04-19,4.24,3.6,3.79,"data/raw/treasury_2020_2023_archive.html",,,,,,,,,
2023-04-20,4.14,3.54,3.75,"data/raw/treasury_2020_2023_archive.html",,,,,,,,,
2023-04-21,4.17,3.57,3.78,"data/raw/treasury_2020_2023_archive.html",,,,,,,,,
2023-04-24,4.12,3.52,3.73,"data/raw/treasury_2020_2023_archive.html",,,,,,,,,
2023-04-25,3.86,3.4,3.65,"data/raw/treasury_2020_2023_archive.html",,,,,,,,,
2023-04-26,3.9,3.43,3.7,"data/raw/treasury_2020_2023_archive.html",,,,,,,,,
2023-04-27,4.07,3.53,3.76,"data/raw/treasury_2020_2023_archive.html",,,,,,,,,
2023-04-28,4.04,3.44,3.67,"data/raw/treasury_2020_2023_archive.html",,,,,,,,,
2023-05-01,4.14,3.59,3.84,"data/raw/treasury_2020_2023_archive.html",,,,,,,,,
2023-05-02,3.97,3.44,3.72,"data/raw/treasury_2020_2023_archive.html",,,,,,,,,
2023-05-03,3.89,3.38,3.7,"data/raw/treasury_2020_2023_archive.html",2023-05-04,"Hike",25,5,5.25,"https://www.federalreserve.gov/newsevents/pressreleases/monetary20230503a.htm","data/raw/fed_openmarket.html","data/raw/fed_statement_20230503.html","The Committee seeks to achieve maximum employment and inflation at the rate of 2 percent over the longer run. In support of these goals, the Committee decided to raise the target range for the federal funds rate to 5 to 5-1/4 percent. The Committee will closely monitor incoming information and assess the implications for monetary policy. In determining the extent to which additional policy firming may be appropriate to return inflation to 2 percent over time, the Committee will take into account the cumulative tightening of monetary policy, the lags with which monetary policy affects economic activity and inflation, and economic and financial developments. In addition, the Committee will continue reducing its holdings of Treasury securities and agency debt and agency mortgage-backed securities, as described in its previously announced plans. The Committee is strongly committed to returning inflation to its 2 percent objective."
2023-05-04,3.75,3.37,3.73,"data/raw/treasury_2020_2023_archive.html",,,,,,,,,
2023-05-05,3.92,3.44,3.76,"data/raw/treasury_2020_2023_archive.html",,,,,,,,,
2023-05-08,4,3.52,3.84,"data/raw/treasury_2020_2023_archive.html",,,,,,,,,
2023-05-09,4.01,3.53,3.85,"data/raw/treasury_2020_2023_archive.html",,,,,,,,,
2023-05-10,3.9,3.43,3.8,"data/raw/treasury_2020_2023_archive.html",,,,,,,,,
2023-05-11,3.89,3.39,3.73,"data/raw/treasury_2020_2023_archive.html",,,,,,,,,
2023-05-12,3.98,3.46,3.78,"data/raw/treasury_2020_2023_archive.html",,,,,,,,,
2023-05-15,3.99,3.5,3.84,"data/raw/treasury_2020_2023_archive.html",,,,,,,,,
2023-05-16,4.06,3.54,3.87,"data/raw/treasury_2020_2023_archive.html",,,,,,,,,
2023-05-17,4.12,3.57,3.88,"data/raw/treasury_2020_2023_archive.html",,,,,,,,,
2023-05-18,4.24,3.65,3.91,"data/raw/treasury_2020_2023_archive.html",,,,,,,,,
2023-05-19,4.28,3.7,3.95,"data/raw/treasury_2020_2023_archive.html",,,,,,,,,
2023-05-22,4.29,3.72,3.97,"data/raw/treasury_2020_2023_archive.html",,,,,,,,,
2023-05-23,4.26,3.7,3.96,"data/raw/treasury_2020_2023_archive.html",,,,,,,,,
2023-05-24,4.31,3.73,3.97,"data/raw/treasury_2020_2023_archive.html",,,,,,,,,
2023-05-25,4.5,3.83,4.01,"data/raw/treasury_2020_2023_archive.html",,,,,,,,,
2023-05-26,4.54,3.8,3.96,"data/raw/treasury_2020_2023_archive.html",,,,,,,,,
2023-05-30,4.46,3.69,3.9,"data/raw/treasury_2020_2023_archive.html",,,,,,,,,
2023-05-31,4.4,3.64,3.85,"data/raw/treasury_2020_2023_archive.html",,,,,,,,,
2023-06-01,4.33,3.61,3.84,"data/raw/treasury_2020_2023_archive.html",,,,,,,,,
2023-06-02,4.5,3.69,3.88,"data/raw/treasury_2020_2023_archive.html",,,,,,,,,
2023-06-05,4.46,3.69,3.89,"data/raw/treasury_2020_2023_archive.html",,,,,,,,,
2023-06-06,4.51,3.7,3.87,"data/raw/treasury_2020_2023_archive.html",,,,,,,,,
2023-06-07,4.56,3.79,3.95,"data/raw/treasury_2020_2023_archive.html",,,,,,,,,
2023-06-08,4.52,3.73,3.89,"data/raw/treasury_2020_2023_archive.html",,,,,,,,,
2023-06-09,4.59,3.75,3.89,"data/raw/treasury_2020_2023_archive.html",,,,,,,,,
2023-06-12,4.55,3.73,3.87,"data/raw/treasury_2020_2023_archive.html",,,,,,,,,
2023-06-13,4.67,3.84,3.94,"data/raw/treasury_2020_2023_archive.html",,,,,,,,,
2023-06-14,4.74,3.83,3.9,"data/raw/treasury_2020_2023_archive.html",,,,,,,,,
2023-06-15,4.62,3.72,3.85,"data/raw/treasury_2020_2023_archive.html",,,,,,,,,
2023-06-16,4.7,3.77,3.86,"data/raw/treasury_2020_2023_archive.html",,,,,,,,,
2023-06-20,4.68,3.74,3.83,"data/raw/treasury_2020_2023_archive.html",,,,,,,,,
2023-06-21,4.68,3.72,3.81,"data/raw/treasury_2020_2023_archive.html",,,,,,,,,
2023-06-22,4.77,3.8,3.88,"data/raw/treasury_2020_2023_archive.html",,,,,,,,,
2023-06-23,4.71,3.74,3.82,"data/raw/treasury_2020_2023_archive.html",,,,,,,,,
2023-06-26,4.65,3.72,3.83,"data/raw/treasury_2020_2023_archive.html",,,,,,,,,
2023-06-27,4.74,3.77,3.84,"data/raw/treasury_2020_2023_archive.html",,,,,,,,,
2023-06-28,4.71,3.71,3.81,"data/raw/treasury_2020_2023_archive.html",,,,,,,,,
2023-06-29,4.87,3.85,3.92,"data/raw/treasury_2020_2023_archive.html",,,,,,,,,
2023-06-30,4.87,3.81,3.85,"data/raw/treasury_2020_2023_archive.html",,,,,,,,,
2023-07-03,4.94,3.86,3.87,"data/raw/treasury_2020_2023_archive.html",,,,,,,,,
2023-07-05,4.94,3.95,3.95,"data/raw/treasury_2020_2023_archive.html",,,,,,,,,
2023-07-06,4.99,4.05,4.01,"data/raw/treasury_2020_2023_archive.html",,,,,,,,,
2023-07-07,4.94,4.06,4.05,"data/raw/treasury_2020_2023_archive.html",,,,,,,,,
2023-07-10,4.85,4.01,4.05,"data/raw/treasury_2020_2023_archive.html",,,,,,,,,
2023-07-11,4.88,3.99,4.03,"data/raw/treasury_2020_2023_archive.html",,,,,,,,,
2023-07-12,4.72,3.86,3.96,"data/raw/treasury_2020_2023_archive.html",,,,,,,,,
2023-07-13,4.59,3.76,3.9,"data/raw/treasury_2020_2023_archive.html",,,,,,,,,
2023-07-14,4.74,3.83,3.93,"data/raw/treasury_2020_2023_archive.html",,,,,,,,,
2023-07-17,4.74,3.81,3.94,"data/raw/treasury_2020_2023_archive.html",,,,,,,,,
2023-07-18,4.74,3.8,3.91,"data/raw/treasury_2020_2023_archive.html",,,,,,,,,
2023-07-19,4.74,3.75,3.84,"data/raw/treasury_2020_2023_archive.html",,,,,,,,,
2023-07-20,4.8,3.85,3.91,"data/raw/treasury_2020_2023_archive.html",,,,,,,,,
2023-07-21,4.82,3.84,3.91,"data/raw/treasury_2020_2023_archive.html",,,,,,,,,
2023-07-24,4.81,3.86,3.92,"data/raw/treasury_2020_2023_archive.html",,,,,,,,,
2023-07-25,4.85,3.91,3.95,"data/raw/treasury_2020_2023_archive.html",,,,,,,,,
2023-07-26,4.82,3.86,3.94,"data/raw/treasury_2020_2023_archive.html",2023-07-27,"Hike",25,5.25,5.5,"https://www.federalreserve.gov/newsevents/pressreleases/monetary20230726a.htm","data/raw/fed_openmarket.html","data/raw/fed_statement_20230726.html","The Committee seeks to achieve maximum employment and inflation at the rate of 2 percent over the longer run. In support of these goals, the Committee decided to raise the target range for the federal funds rate to 5-1/4 to 5-1/2 percent. The Committee will continue to assess additional information and its implications for monetary policy. In determining the extent of additional policy firming that may be appropriate to return inflation to 2 percent over time, the Committee will take into account the cumulative tightening of monetary policy, the lags with which monetary policy affects economic activity and inflation, and economic and financial developments. In addition, the Committee will continue reducing its holdings of Treasury securities and agency debt and agency mortgage-backed securities, as described in its previously announced plans. The Committee is strongly committed to returning inflation to its 2 percent objective."
2023-07-27,4.91,4.01,4.06,"data/raw/treasury_2020_2023_archive.html",,,,,,,,,
2023-07-28,4.87,3.96,4.03,"data/raw/treasury_2020_2023_archive.html",,,,,,,,,
2023-07-31,4.88,3.97,4.02,"data/raw/treasury_2020_2023_archive.html",,,,,,,,,
2023-08-01,4.92,4.05,4.11,"data/raw/treasury_2020_2023_archive.html",,,,,,,,,
2023-08-02,4.88,4.08,4.17,"data/raw/treasury_2020_2023_archive.html",,,,,,,,,
2023-08-03,4.9,4.2,4.32,"data/raw/treasury_2020_2023_archive.html",,,,,,,,,
2023-08-04,4.78,4.05,4.21,"data/raw/treasury_2020_2023_archive.html",,,,,,,,,
2023-08-07,4.76,4.09,4.27,"data/raw/treasury_2020_2023_archive.html",,,,,,,,,
2023-08-08,4.74,4.02,4.2,"data/raw/treasury_2020_2023_archive.html",,,,,,,,,
2023-08-09,4.79,4,4.18,"data/raw/treasury_2020_2023_archive.html",,,,,,,,,
2023-08-10,4.82,4.09,4.24,"data/raw/treasury_2020_2023_archive.html",,,,,,,,,
2023-08-11,4.89,4.16,4.27,"data/raw/treasury_2020_2023_archive.html",,,,,,,,,
2023-08-14,4.96,4.19,4.29,"data/raw/treasury_2020_2023_archive.html",,,,,,,,,
2023-08-15,4.92,4.21,4.32,"data/raw/treasury_2020_2023_archive.html",,,,,,,,,
2023-08-16,4.97,4.28,4.38,"data/raw/treasury_2020_2023_archive.html",,,,,,,,,
2023-08-17,4.94,4.3,4.41,"data/raw/treasury_2020_2023_archive.html",,,,,,,,,
2023-08-18,4.92,4.26,4.38,"data/raw/treasury_2020_2023_archive.html",,,,,,,,,
2023-08-21,4.97,4.34,4.45,"data/raw/treasury_2020_2023_archive.html",,,,,,,,,
2023-08-22,5.02,4.34,4.42,"data/raw/treasury_2020_2023_archive.html",,,,,,,,,
2023-08-23,4.95,4.19,4.27,"data/raw/treasury_2020_2023_archive.html",,,,,,,,,
2023-08-24,4.98,4.23,4.3,"data/raw/treasury_2020_2023_archive.html",,,,,,,,,
2023-08-25,5.03,4.25,4.3,"data/raw/treasury_2020_2023_archive.html",,,,,,,,,
2023-08-28,4.98,4.2,4.29,"data/raw/treasury_2020_2023_archive.html",,,,,,,,,
2023-08-29,4.87,4.12,4.23,"data/raw/treasury_2020_2023_archive.html",,,,,,,,,
2023-08-30,4.9,4.12,4.23,"data/raw/treasury_2020_2023_archive.html",,,,,,,,,
2023-08-31,4.85,4.09,4.2,"data/raw/treasury_2020_2023_archive.html",,,,,,,,,
2023-09-01,4.87,4.18,4.29,"data/raw/treasury_2020_2023_archive.html",,,,,,,,,
2023-09-05,4.94,4.27,4.38,"data/raw/treasury_2020_2023_archive.html",,,,,,,,,
2023-09-06,5.01,4.3,4.37,"data/raw/treasury_2020_2023_archive.html",,,,,,,,,
2023-09-07,4.94,4.27,4.36,"data/raw/treasury_2020_2023_archive.html",,,,,,,,,
2023-09-08,4.98,4.26,4.33,"data/raw/treasury_2020_2023_archive.html",,,,,,,,,
2023-09-11,4.97,4.29,4.37,"data/raw/treasury_2020_2023_archive.html",,,,,,,,,
2023-09-12,4.98,4.27,4.35,"data/raw/treasury_2020_2023_archive.html",,,,,,,,,
2023-09-13,4.96,4.25,4.34,"data/raw/treasury_2020_2023_archive.html",,,,,,,,,
2023-09-14,5,4.29,4.39,"data/raw/treasury_2020_2023_archive.html",,,,,,,,,
2023-09-15,5.02,4.33,4.42,"data/raw/treasury_2020_2023_archive.html",,,,,,,,,
2023-09-18,5.05,4.32,4.4,"data/raw/treasury_2020_2023_archive.html",,,,,,,,,
2023-09-19,5.08,4.37,4.43,"data/raw/treasury_2020_2023_archive.html",,,,,,,,,
2023-09-20,5.12,4.35,4.4,"data/raw/treasury_2020_2023_archive.html",,,,,,,,,
2023-09-21,5.12,4.49,4.56,"data/raw/treasury_2020_2023_archive.html",,,,,,,,,
2023-09-22,5.1,4.44,4.53,"data/raw/treasury_2020_2023_archive.html",,,,,,,,,
2023-09-25,5.09,4.55,4.67,"data/raw/treasury_2020_2023_archive.html",,,,,,,,,
2023-09-26,5.04,4.56,4.7,"data/raw/treasury_2020_2023_archive.html",,,,,,,,,
2023-09-27,5.1,4.61,4.73,"data/raw/treasury_2020_2023_archive.html",,,,,,,,,
2023-09-28,5.04,4.59,4.71,"data/raw/treasury_2020_2023_archive.html",,,,,,,,,
2023-09-29,5.03,4.59,4.73,"data/raw/treasury_2020_2023_archive.html",,,,,,,,,
2023-10-02,5.12,4.69,4.81,"data/raw/treasury_2020_2023_archive.html",,,,,,,,,
2023-10-03,5.15,4.81,4.95,"data/raw/treasury_2020_2023_archive.html",,,,,,,,,
2023-10-04,5.05,4.73,4.87,"data/raw/treasury_2020_2023_archive.html",,,,,,,,,
2023-10-05,5.03,4.72,4.89,"data/raw/treasury_2020_2023_archive.html",,,,,,,,,
2023-10-06,5.08,4.78,4.95,"data/raw/treasury_2020_2023_archive.html",,,,,,,,,
2023-10-10,4.96,4.66,4.85,"data/raw/treasury_2020_2023_archive.html",,,,,,,,,
2023-10-11,4.99,4.58,4.73,"data/raw/treasury_2020_2023_archive.html",,,,,,,,,
2023-10-12,5.06,4.7,4.86,"data/raw/treasury_2020_2023_archive.html",,,,,,,,,
2023-10-13,5.04,4.63,4.78,"data/raw/treasury_2020_2023_archive.html",,,,,,,,,
2023-10-16,5.09,4.71,4.87,"data/raw/treasury_2020_2023_archive.html",,,,,,,,,
2023-10-17,5.19,4.83,4.94,"data/raw/treasury_2020_2023_archive.html",,,,,,,,,
2023-10-18,5.19,4.91,5,"data/raw/treasury_2020_2023_archive.html",,,,,,,,,
2023-10-19,5.14,4.98,5.11,"data/raw/treasury_2020_2023_archive.html",,,,,,,,,
2023-10-20,5.07,4.93,5.09,"data/raw/treasury_2020_2023_archive.html",,,,,,,,,
2023-10-23,5.05,4.86,5.01,"data/raw/treasury_2020_2023_archive.html",,,,,,,,,
2023-10-24,5.02,4.83,4.96,"data/raw/treasury_2020_2023_archive.html",,,,,,,,,
2023-10-25,5.08,4.95,5.09,"data/raw/treasury_2020_2023_archive.html",,,,,,,,,
2023-10-26,5.02,4.86,5.01,"data/raw/treasury_2020_2023_archive.html",,,,,,,,,
2023-10-27,4.99,4.84,5.03,"data/raw/treasury_2020_2023_archive.html",,,,,,,,,
2023-10-30,5.03,4.88,5.04,"data/raw/treasury_2020_2023_archive.html",,,,,,,,,
2023-10-31,5.07,4.88,5.04,"data/raw/treasury_2020_2023_archive.html",,,,,,,,,
2023-11-01,4.95,4.77,4.96,"data/raw/treasury_2020_2023_archive.html",,,,,,,,,
2023-11-02,4.98,4.67,4.82,"data/raw/treasury_2020_2023_archive.html",,,,,,,,,
2023-11-03,4.83,4.57,4.77,"data/raw/treasury_2020_2023_archive.html",,,,,,,,,
2023-11-06,4.93,4.67,4.84,"data/raw/treasury_2020_2023_archive.html",,,,,,,,,
2023-11-07,4.91,4.58,4.75,"data/raw/treasury_2020_2023_archive.html",,,,,,,,,
2023-11-08,4.93,4.49,4.64,"data/raw/treasury_2020_2023_archive.html",,,,,,,,,
2023-11-09,5.03,4.62,4.77,"data/raw/treasury_2020_2023_archive.html",,,,,,,,,
2023-11-10,5.04,4.61,4.73,"data/raw/treasury_2020_2023_archive.html",,,,,,,,,
2023-11-13,5.02,4.63,4.75,"data/raw/treasury_2020_2023_archive.html",,,,,,,,,
2023-11-14,4.8,4.44,4.61,"data/raw/treasury_2020_2023_archive.html",,,,,,,,,
2023-11-15,4.9,4.53,4.68,"data/raw/treasury_2020_2023_archive.html",,,,,,,,,
2023-11-16,4.83,4.45,4.63,"data/raw/treasury_2020_2023_archive.html",,,,,,,,,
2023-11-17,4.88,4.44,4.59,"data/raw/treasury_2020_2023_archive.html",,,,,,,,,
2023-11-20,4.89,4.42,4.57,"data/raw/treasury_2020_2023_archive.html",,,,,,,,,
2023-11-21,4.86,4.41,4.57,"data/raw/treasury_2020_2023_archive.html",,,,,,,,,
2023-11-22,4.89,4.42,4.55,"data/raw/treasury_2020_2023_archive.html",,,,,,,,,
2023-11-24,4.92,4.47,4.6,"data/raw/treasury_2020_2023_archive.html",,,,,,,,,
2023-11-27,4.84,4.39,4.53,"data/raw/treasury_2020_2023_archive.html",,,,,,,,,
2023-11-28,4.73,4.34,4.52,"data/raw/treasury_2020_2023_archive.html",,,,,,,,,
2023-11-29,4.64,4.27,4.44,"data/raw/treasury_2020_2023_archive.html",,,,,,,,,
2023-11-30,4.73,4.37,4.54,"data/raw/treasury_2020_2023_archive.html",,,,,,,,,
2023-12-01,4.56,4.22,4.4,"data/raw/treasury_2020_2023_archive.html",,,,,,,,,
2023-12-04,4.64,4.28,4.43,"data/raw/treasury_2020_2023_archive.html",,,,,,,,,
2023-12-05,4.57,4.18,4.3,"data/raw/treasury_2020_2023_archive.html",,,,,,,,,
2023-12-06,4.6,4.12,4.22,"data/raw/treasury_2020_2023_archive.html",,,,,,,,,
2023-12-07,4.58,4.14,4.25,"data/raw/treasury_2020_2023_archive.html",,,,,,,,,
2023-12-08,4.71,4.23,4.31,"data/raw/treasury_2020_2023_archive.html",,,,,,,,,
2023-12-11,4.71,4.23,4.32,"data/raw/treasury_2020_2023_archive.html",,,,,,,,,
2023-12-12,4.73,4.2,4.3,"data/raw/treasury_2020_2023_archive.html",,,,,,,,,
2023-12-13,4.46,4.04,4.19,"data/raw/treasury_2020_2023_archive.html",,,,,,,,,
2023-12-14,4.37,3.92,4.03,"data/raw/treasury_2020_2023_archive.html",,,,,,,,,
2023-12-15,4.44,3.91,4,"data/raw/treasury_2020_2023_archive.html",,,,,,,,,
2023-12-18,4.43,3.95,4.05,"data/raw/treasury_2020_2023_archive.html",,,,,,,,,
2023-12-19,4.41,3.93,4.03,"data/raw/treasury_2020_2023_archive.html",,,,,,,,,
2023-12-20,4.34,3.86,3.98,"data/raw/treasury_2020_2023_archive.html",,,,,,,,,
2023-12-21,4.33,3.89,4.03,"data/raw/treasury_2020_2023_archive.html",,,,,,,,,
2023-12-22,4.31,3.9,4.05,"data/raw/treasury_2020_2023_archive.html",,,,,,,,,
2023-12-26,4.26,3.89,4.04,"data/raw/treasury_2020_2023_archive.html",,,,,,,,,
2023-12-27,4.2,3.79,3.95,"data/raw/treasury_2020_2023_archive.html",,,,,,,,,
2023-12-28,4.26,3.84,3.98,"data/raw/treasury_2020_2023_archive.html",,,,,,,,,
2023-12-29,4.23,3.88,4.03,"data/raw/treasury_2020_2023_archive.html",,,,,,,,,
2024-01-02,4.33,3.95,4.08,"data/raw/treasury_2024.html",,,,,,,,,
2024-01-03,4.33,3.91,4.05,"data/raw/treasury_2024.html",,,,,,,,,
2024-01-04,4.38,3.99,4.13,"data/raw/treasury_2024.html",,,,,,,,,
2024-01-05,4.4,4.05,4.21,"data/raw/treasury_2024.html",,,,,,,,,
2024-01-08,4.36,4.01,4.17,"data/raw/treasury_2024.html",,,,,,,,,
2024-01-09,4.36,4.02,4.18,"data/raw/treasury_2024.html",,,,,,,,,
2024-01-10,4.37,4.04,4.2,"data/raw/treasury_2024.html",,,,,,,,,
2024-01-11,4.26,3.98,4.18,"data/raw/treasury_2024.html",,,,,,,,,
2024-01-12,4.14,3.96,4.2,"data/raw/treasury_2024.html",,,,,,,,,
2024-01-16,4.22,4.07,4.3,"data/raw/treasury_2024.html",,,,,,,,,
2024-01-17,4.34,4.1,4.31,"data/raw/treasury_2024.html",,,,,,,,,
2024-01-18,4.34,4.14,4.37,"data/raw/treasury_2024.html",,,,,,,,,
2024-01-19,4.39,4.15,4.36,"data/raw/treasury_2024.html",,,,,,,,,
2024-01-22,4.37,4.11,4.32,"data/raw/treasury_2024.html",,,,,,,,,
2024-01-23,4.31,4.14,4.38,"data/raw/treasury_2024.html",,,,,,,,,
2024-01-24,4.34,4.18,4.41,"data/raw/treasury_2024.html",,,,,,,,,
2024-01-25,4.28,4.14,4.38,"data/raw/treasury_2024.html",,,,,,,,,
2024-01-26,4.34,4.15,4.38,"data/raw/treasury_2024.html",,,,,,,,,
2024-01-29,4.29,4.08,4.31,"data/raw/treasury_2024.html",,,,,,,,,
2024-01-30,4.36,4.06,4.28,"data/raw/treasury_2024.html",,,,,,,,,
2024-01-31,4.27,3.99,4.22,"data/raw/treasury_2024.html",,,,,,,,,
2024-02-01,4.2,3.87,4.1,"data/raw/treasury_2024.html",,,,,,,,,
2024-02-02,4.36,4.03,4.22,"data/raw/treasury_2024.html",,,,,,,,,
2024-02-05,4.46,4.17,4.35,"data/raw/treasury_2024.html",,,,,,,,,
2024-02-06,4.39,4.09,4.29,"data/raw/treasury_2024.html",,,,,,,,,
2024-02-07,4.41,4.09,4.31,"data/raw/treasury_2024.html",,,,,,,,,
2024-02-08,4.46,4.15,4.36,"data/raw/treasury_2024.html",,,,,,,,,
2024-02-09,4.48,4.17,4.37,"data/raw/treasury_2024.html",,,,,,,,,
2024-02-12,4.46,4.17,4.37,"data/raw/treasury_2024.html",,,,,,,,,
2024-02-13,4.64,4.31,4.46,"data/raw/treasury_2024.html",,,,,,,,,
2024-02-14,4.56,4.27,4.45,"data/raw/treasury_2024.html",,,,,,,,,
2024-02-15,4.56,4.24,4.42,"data/raw/treasury_2024.html",,,,,,,,,
2024-02-16,4.64,4.3,4.45,"data/raw/treasury_2024.html",,,,,,,,,
2024-02-20,4.59,4.27,4.44,"data/raw/treasury_2024.html",,,,,,,,,
2024-02-21,4.64,4.32,4.49,"data/raw/treasury_2024.html",,,,,,,,,
2024-02-22,4.69,4.33,4.47,"data/raw/treasury_2024.html",,,,,,,,,
2024-02-23,4.67,4.26,4.37,"data/raw/treasury_2024.html",,,,,,,,,
2024-02-26,4.69,4.28,4.4,"data/raw/treasury_2024.html",,,,,,,,,
2024-02-27,4.7,4.31,4.44,"data/raw/treasury_2024.html",,,,,,,,,
2024-02-28,4.64,4.27,4.4,"data/raw/treasury_2024.html",,,,,,,,,
2024-02-29,4.64,4.25,4.38,"data/raw/treasury_2024.html",,,,,,,,,
2024-03-01,4.54,4.19,4.33,"data/raw/treasury_2024.html",,,,,,,,,
2024-03-04,4.61,4.22,4.36,"data/raw/treasury_2024.html",,,,,,,,,
2024-03-05,4.54,4.13,4.27,"data/raw/treasury_2024.html",,,,,,,,,
2024-03-06,4.55,4.11,4.24,"data/raw/treasury_2024.html",,,,,,,,,
2024-03-07,4.5,4.09,4.25,"data/raw/treasury_2024.html",,,,,,,,,
2024-03-08,4.48,4.09,4.26,"data/raw/treasury_2024.html",,,,,,,,,
2024-03-11,4.51,4.1,4.26,"data/raw/treasury_2024.html",,,,,,,,,
2024-03-12,4.58,4.16,4.31,"data/raw/treasury_2024.html",,,,,,,,,
2024-03-13,4.61,4.19,4.35,"data/raw/treasury_2024.html",,,,,,,,,
2024-03-14,4.68,4.29,4.44,"data/raw/treasury_2024.html",,,,,,,,,
2024-03-15,4.72,4.31,4.43,"data/raw/treasury_2024.html",,,,,,,,,
2024-03-18,4.73,4.34,4.46,"data/raw/treasury_2024.html",,,,,,,,,
2024-03-19,4.68,4.3,4.44,"data/raw/treasury_2024.html",,,,,,,,,
2024-03-20,4.59,4.27,4.45,"data/raw/treasury_2024.html",,,,,,,,,
2024-03-21,4.62,4.27,4.44,"data/raw/treasury_2024.html",,,,,,,,,
2024-03-22,4.59,4.22,4.39,"data/raw/treasury_2024.html",,,,,,,,,
2024-03-25,4.54,4.25,4.42,"data/raw/treasury_2024.html",,,,,,,,,
2024-03-26,4.56,4.24,4.4,"data/raw/treasury_2024.html",,,,,,,,,
2024-03-27,4.54,4.2,4.36,"data/raw/treasury_2024.html",,,,,,,,,
2024-03-28,4.59,4.2,4.34,"data/raw/treasury_2024.html",,,,,,,,,
2024-04-01,4.72,4.33,4.47,"data/raw/treasury_2024.html",,,,,,,,,
2024-04-02,4.7,4.36,4.51,"data/raw/treasury_2024.html",,,,,,,,,
2024-04-03,4.68,4.36,4.51,"data/raw/treasury_2024.html",,,,,,,,,
2024-04-04,4.65,4.31,4.47,"data/raw/treasury_2024.html",,,,,,,,,
2024-04-05,4.73,4.39,4.54,"data/raw/treasury_2024.html",,,,,,,,,
2024-04-08,4.78,4.42,4.55,"data/raw/treasury_2024.html",,,,,,,,,
2024-04-09,4.74,4.36,4.5,"data/raw/treasury_2024.html",,,,,,,,,
2024-04-10,4.97,4.55,4.64,"data/raw/treasury_2024.html",,,,,,,,,
2024-04-11,4.93,4.56,4.65,"data/raw/treasury_2024.html",,,,,,,,,
2024-04-12,4.88,4.5,4.61,"data/raw/treasury_2024.html",,,,,,,,,
2024-04-15,4.93,4.63,4.74,"data/raw/treasury_2024.html",,,,,,,,,
2024-04-16,4.97,4.67,4.77,"data/raw/treasury_2024.html",,,,,,,,,
2024-04-17,4.93,4.59,4.71,"data/raw/treasury_2024.html",,,,,,,,,
2024-04-18,4.98,4.64,4.74,"data/raw/treasury_2024.html",,,,,,,,,
2024-04-19,4.97,4.62,4.72,"data/raw/treasury_2024.html",,,,,,,,,
2024-04-22,4.97,4.62,4.72,"data/raw/treasury_2024.html",,,,,,,,,
2024-04-23,4.86,4.61,4.73,"data/raw/treasury_2024.html",,,,,,,,,
2024-04-24,4.89,4.65,4.78,"data/raw/treasury_2024.html",,,,,,,,,
2024-04-25,4.96,4.7,4.82,"data/raw/treasury_2024.html",,,,,,,,,
2024-04-26,4.96,4.67,4.78,"data/raw/treasury_2024.html",,,,,,,,,
2024-04-29,4.97,4.63,4.75,"data/raw/treasury_2024.html",,,,,,,,,
2024-04-30,5.04,4.69,4.79,"data/raw/treasury_2024.html",,,,,,,,,
2024-05-01,4.96,4.63,4.74,"data/raw/treasury_2024.html",,,,,,,,,
2024-05-02,4.87,4.58,4.72,"data/raw/treasury_2024.html",,,,,,,,,
2024-05-03,4.81,4.5,4.66,"data/raw/treasury_2024.html",,,,,,,,,
2024-05-06,4.82,4.49,4.64,"data/raw/treasury_2024.html",,,,,,,,,
2024-05-07,4.82,4.47,4.61,"data/raw/treasury_2024.html",,,,,,,,,
2024-05-08,4.84,4.48,4.64,"data/raw/treasury_2024.html",,,,,,,,,
2024-05-09,4.8,4.45,4.6,"data/raw/treasury_2024.html",,,,,,,,,
2024-05-10,4.87,4.5,4.64,"data/raw/treasury_2024.html",,,,,,,,,
2024-05-13,4.85,4.48,4.63,"data/raw/treasury_2024.html",,,,,,,,,
2024-05-14,4.81,4.45,4.59,"data/raw/treasury_2024.html",,,,,,,,,
2024-05-15,4.73,4.36,4.52,"data/raw/treasury_2024.html",,,,,,,,,
2024-05-16,4.78,4.38,4.52,"data/raw/treasury_2024.html",,,,,,,,,
2024-05-17,4.83,4.42,4.56,"data/raw/treasury_2024.html",,,,,,,,,
2024-05-20,4.82,4.44,4.58,"data/raw/treasury_2024.html",,,,,,,,,
2024-05-21,4.82,4.41,4.55,"data/raw/treasury_2024.html",,,,,,,,,
2024-05-22,4.86,4.43,4.55,"data/raw/treasury_2024.html",,,,,,,,,
2024-05-23,4.91,4.47,4.58,"data/raw/treasury_2024.html",,,,,,,,,
2024-05-24,4.93,4.46,4.57,"data/raw/treasury_2024.html",,,,,,,,,
2024-05-28,4.94,4.54,4.66,"data/raw/treasury_2024.html",,,,,,,,,
2024-05-29,4.96,4.61,4.74,"data/raw/treasury_2024.html",,,,,,,,,
2024-05-30,4.92,4.55,4.69,"data/raw/treasury_2024.html",,,,,,,,,
2024-05-31,4.89,4.51,4.65,"data/raw/treasury_2024.html",,,,,,,,,
2024-06-03,4.82,4.41,4.55,"data/raw/treasury_2024.html",,,,,,,,,
2024-06-04,4.77,4.33,4.48,"data/raw/treasury_2024.html",,,,,,,,,
2024-06-05,4.72,4.29,4.44,"data/raw/treasury_2024.html",,,,,,,,,
2024-06-06,4.72,4.28,4.43,"data/raw/treasury_2024.html",,,,,,,,,
2024-06-07,4.87,4.43,4.55,"data/raw/treasury_2024.html",,,,,,,,,
2024-06-10,4.87,4.47,4.59,"data/raw/treasury_2024.html",,,,,,,,,
2024-06-11,4.81,4.39,4.53,"data/raw/treasury_2024.html",,,,,,,,,
2024-06-12,4.75,4.31,4.47,"data/raw/treasury_2024.html",,,,,,,,,
2024-06-13,4.68,4.24,4.4,"data/raw/treasury_2024.html",,,,,,,,,
2024-06-14,4.67,4.2,4.34,"data/raw/treasury_2024.html",,,,,,,,,
2024-06-17,4.75,4.28,4.4,"data/raw/treasury_2024.html",,,,,,,,,
2024-06-18,4.69,4.22,4.36,"data/raw/treasury_2024.html",,,,,,,,,
2024-06-20,4.7,4.25,4.39,"data/raw/treasury_2024.html",,,,,,,,,
2024-06-21,4.7,4.25,4.39,"data/raw/treasury_2024.html",,,,,,,,,
2024-06-24,4.71,4.25,4.38,"data/raw/treasury_2024.html",,,,,,,,,
2024-06-25,4.65,4.23,4.36,"data/raw/treasury_2024.html",,,,,,,,,
2024-06-26,4.71,4.32,4.45,"data/raw/treasury_2024.html",,,,,,,,,
2024-06-27,4.7,4.29,4.43,"data/raw/treasury_2024.html",,,,,,,,,
2024-06-28,4.71,4.36,4.51,"data/raw/treasury_2024.html",,,,,,,,,
2024-07-01,4.77,4.48,4.64,"data/raw/treasury_2024.html",,,,,,,,,
2024-07-02,4.74,4.43,4.6,"data/raw/treasury_2024.html",,,,,,,,,
2024-07-03,4.71,4.36,4.53,"data/raw/treasury_2024.html",,,,,,,,,
2024-07-05,4.6,4.28,4.47,"data/raw/treasury_2024.html",,,,,,,,,
2024-07-08,4.62,4.28,4.46,"data/raw/treasury_2024.html",,,,,,,,,
2024-07-09,4.62,4.3,4.49,"data/raw/treasury_2024.html",,,,,,,,,
2024-07-10,4.62,4.28,4.47,"data/raw/treasury_2024.html",,,,,,,,,
2024-07-11,4.5,4.2,4.41,"data/raw/treasury_2024.html",,,,,,,,,
2024-07-12,4.45,4.18,4.39,"data/raw/treasury_2024.html",,,,,,,,,
2024-07-15,4.44,4.23,4.46,"data/raw/treasury_2024.html",,,,,,,,,
2024-07-16,4.43,4.17,4.38,"data/raw/treasury_2024.html",,,,,,,,,
2024-07-17,4.42,4.16,4.37,"data/raw/treasury_2024.html",,,,,,,,,
2024-07-18,4.46,4.2,4.41,"data/raw/treasury_2024.html",,,,,,,,,
2024-07-19,4.49,4.25,4.45,"data/raw/treasury_2024.html",,,,,,,,,
2024-07-22,4.5,4.26,4.48,"data/raw/treasury_2024.html",,,,,,,,,
2024-07-23,4.4,4.25,4.48,"data/raw/treasury_2024.html",,,,,,,,,
2024-07-24,4.37,4.28,4.54,"data/raw/treasury_2024.html",,,,,,,,,
2024-07-25,4.41,4.27,4.5,"data/raw/treasury_2024.html",,,,,,,,,
2024-07-26,4.36,4.2,4.45,"data/raw/treasury_2024.html",,,,,,,,,
2024-07-29,4.36,4.17,4.42,"data/raw/treasury_2024.html",,,,,,,,,
2024-07-30,4.35,4.15,4.4,"data/raw/treasury_2024.html",,,,,,,,,
2024-07-31,4.29,4.09,4.35,"data/raw/treasury_2024.html",,,,,,,,,
2024-08-01,4.16,3.99,4.27,"data/raw/treasury_2024.html",,,,,,,,,
2024-08-02,3.88,3.8,4.11,"data/raw/treasury_2024.html",,,,,,,,,
2024-08-05,3.89,3.78,4.06,"data/raw/treasury_2024.html",,,,,,,,,
2024-08-06,3.99,3.9,4.18,"data/raw/treasury_2024.html",,,,,,,,,
2024-08-07,4,3.96,4.26,"data/raw/treasury_2024.html",,,,,,,,,
2024-08-08,4.04,3.99,4.28,"data/raw/treasury_2024.html",,,,,,,,,
2024-08-09,4.05,3.94,4.23,"data/raw/treasury_2024.html",,,,,,,,,
2024-08-12,4.01,3.9,4.19,"data/raw/treasury_2024.html",,,,,,,,,
2024-08-13,3.93,3.85,4.16,"data/raw/treasury_2024.html",,,,,,,,,
2024-08-14,3.94,3.83,4.12,"data/raw/treasury_2024.html",,,,,,,,,
2024-08-15,4.08,3.92,4.18,"data/raw/treasury_2024.html",,,,,,,,,
2024-08-16,4.06,3.89,4.15,"data/raw/treasury_2024.html",,,,,,,,,
2024-08-19,4.06,3.86,4.11,"data/raw/treasury_2024.html",,,,,,,,,
2024-08-20,3.99,3.82,4.07,"data/raw/treasury_2024.html",,,,,,,,,
2024-08-21,3.92,3.79,4.06,"data/raw/treasury_2024.html",,,,,,,,,
2024-08-22,3.99,3.86,4.13,"data/raw/treasury_2024.html",,,,,,,,,
2024-08-23,3.9,3.81,4.1,"data/raw/treasury_2024.html",,,,,,,,,
2024-08-26,3.91,3.82,4.11,"data/raw/treasury_2024.html",,,,,,,,,
2024-08-27,3.83,3.83,4.13,"data/raw/treasury_2024.html",,,,,,,,,
2024-08-28,3.83,3.84,4.13,"data/raw/treasury_2024.html",,,,,,,,,
2024-08-29,3.87,3.87,4.15,"data/raw/treasury_2024.html",,,,,,,,,
2024-08-30,3.91,3.91,4.2,"data/raw/treasury_2024.html",,,,,,,,,
2024-09-03,3.88,3.84,4.13,"data/raw/treasury_2024.html",,,,,,,,,
2024-09-04,3.76,3.77,4.06,"data/raw/treasury_2024.html",,,,,,,,,
2024-09-05,3.75,3.73,4.02,"data/raw/treasury_2024.html",,,,,,,,,
2024-09-06,3.66,3.72,4.03,"data/raw/treasury_2024.html",,,,,,,,,
2024-09-09,3.68,3.7,4,"data/raw/treasury_2024.html",,,,,,,,,
2024-09-10,3.59,3.65,3.97,"data/raw/treasury_2024.html",,,,,,,,,
2024-09-11,3.62,3.65,3.96,"data/raw/treasury_2024.html",,,,,,,,,
2024-09-12,3.64,3.68,4,"data/raw/treasury_2024.html",,,,,,,,,
2024-09-13,3.57,3.66,3.98,"data/raw/treasury_2024.html",,,,,,,,,
2024-09-16,3.56,3.63,3.94,"data/raw/treasury_2024.html",,,,,,,,,
2024-09-17,3.59,3.65,3.96,"data/raw/treasury_2024.html",,,,,,,,,
2024-09-18,3.61,3.7,4.03,"data/raw/treasury_2024.html",2024-09-19,"Cut",-50,4.75,5,"https://www.federalreserve.gov/newsevents/pressreleases/monetary20240918a.htm","data/raw/fed_openmarket.html","data/raw/fed_statement_20240918.html","In light of the progress on inflation and the balance of risks, the Committee decided to lower the target range for the federal funds rate by 1/2 percentage point to 4-3/4 to 5 percent. In considering additional adjustments to the target range for the federal funds rate, the Committee will carefully assess incoming data, the evolving outlook, and the balance of risks. The Committee will continue reducing its holdings of Treasury securities and agency debt and agency mortgage‑backed securities. The Committee is strongly committed to supporting maximum employment and returning inflation to its 2 percent objective."
2024-09-19,3.59,3.73,4.06,"data/raw/treasury_2024.html",,,,,,,,,
2024-09-20,3.55,3.73,4.07,"data/raw/treasury_2024.html",,,,,,,,,
2024-09-23,3.57,3.75,4.09,"data/raw/treasury_2024.html",,,,,,,,,
2024-09-24,3.49,3.74,4.09,"data/raw/treasury_2024.html",,,,,,,,,
2024-09-25,3.53,3.79,4.14,"data/raw/treasury_2024.html",,,,,,,,,
2024-09-26,3.6,3.79,4.12,"data/raw/treasury_2024.html",,,,,,,,,
2024-09-27,3.55,3.75,4.1,"data/raw/treasury_2024.html",,,,,,,,,
2024-09-30,3.66,3.81,4.14,"data/raw/treasury_2024.html",,,,,,,,,
2024-10-01,3.61,3.74,4.08,"data/raw/treasury_2024.html",,,,,,,,,
2024-10-02,3.63,3.79,4.14,"data/raw/treasury_2024.html",,,,,,,,,
2024-10-03,3.7,3.85,4.18,"data/raw/treasury_2024.html",,,,,,,,,
2024-10-04,3.93,3.98,4.26,"data/raw/treasury_2024.html",,,,,,,,,
2024-10-07,3.99,4.03,4.3,"data/raw/treasury_2024.html",,,,,,,,,
2024-10-08,3.98,4.04,4.32,"data/raw/treasury_2024.html",,,,,,,,,
2024-10-09,3.99,4.06,4.34,"data/raw/treasury_2024.html",,,,,,,,,
2024-10-10,3.98,4.09,4.38,"data/raw/treasury_2024.html",,,,,,,,,
2024-10-11,3.95,4.08,4.39,"data/raw/treasury_2024.html",,,,,,,,,
2024-10-15,3.95,4.03,4.32,"data/raw/treasury_2024.html",,,,,,,,,
2024-10-16,3.93,4.02,4.3,"data/raw/treasury_2024.html",,,,,,,,,
2024-10-17,3.96,4.09,4.39,"data/raw/treasury_2024.html",,,,,,,,,
2024-10-18,3.95,4.08,4.38,"data/raw/treasury_2024.html",,,,,,,,,
2024-10-21,4.02,4.19,4.49,"data/raw/treasury_2024.html",,,,,,,,,
2024-10-22,4.03,4.2,4.49,"data/raw/treasury_2024.html",,,,,,,,,
2024-10-23,4.07,4.24,4.51,"data/raw/treasury_2024.html",,,,,,,,,
2024-10-24,4.07,4.21,4.47,"data/raw/treasury_2024.html",,,,,,,,,
2024-10-25,4.11,4.25,4.51,"data/raw/treasury_2024.html",,,,,,,,,
2024-10-28,4.12,4.28,4.53,"data/raw/treasury_2024.html",,,,,,,,,
2024-10-29,4.11,4.28,4.52,"data/raw/treasury_2024.html",,,,,,,,,
2024-10-30,4.15,4.29,4.49,"data/raw/treasury_2024.html",,,,,,,,,
2024-10-31,4.16,4.28,4.47,"data/raw/treasury_2024.html",,,,,,,,,
2024-11-01,4.21,4.37,4.57,"data/raw/treasury_2024.html",,,,,,,,,
2024-11-04,4.17,4.31,4.5,"data/raw/treasury_2024.html",,,,,,,,,
2024-11-05,4.19,4.26,4.44,"data/raw/treasury_2024.html",,,,,,,,,
2024-11-06,4.27,4.42,4.6,"data/raw/treasury_2024.html",,,,,,,,,
2024-11-07,4.21,4.31,4.52,"data/raw/treasury_2024.html",2024-11-08,"Cut",-25,4.5,4.75,"https://www.federalreserve.gov/newsevents/pressreleases/monetary20241107a.htm","data/raw/fed_openmarket.html","data/raw/fed_statement_20241107.html","In support of its goals, the Committee decided to lower the target range for the federal funds rate by 1/4 percentage point to 4-1/2 to 4-3/4 percent. In considering additional adjustments to the target range for the federal funds rate, the Committee will carefully assess incoming data, the evolving outlook, and the balance of risks. The Committee will continue reducing its holdings of Treasury securities and agency debt and agency mortgage‑backed securities. The Committee is strongly committed to supporting maximum employment and returning inflation to its 2 percent objective."
2024-11-08,4.26,4.3,4.47,"data/raw/treasury_2024.html",,,,,,,,,
2024-11-12,4.34,4.43,4.58,"data/raw/treasury_2024.html",,,,,,,,,
2024-11-13,4.27,4.44,4.63,"data/raw/treasury_2024.html",,,,,,,,,
2024-11-14,4.34,4.43,4.58,"data/raw/treasury_2024.html",,,,,,,,,
2024-11-15,4.31,4.43,4.6,"data/raw/treasury_2024.html",,,,,,,,,
2024-11-18,4.29,4.42,4.61,"data/raw/treasury_2024.html",,,,,,,,,
2024-11-19,4.27,4.39,4.57,"data/raw/treasury_2024.html",,,,,,,,,
2024-11-20,4.31,4.41,4.59,"data/raw/treasury_2024.html",,,,,,,,,
2024-11-21,4.34,4.43,4.61,"data/raw/treasury_2024.html",,,,,,,,,
2024-11-22,4.37,4.41,4.6,"data/raw/treasury_2024.html",,,,,,,,,
2024-11-25,4.21,4.27,4.45,"data/raw/treasury_2024.html",,,,,,,,,
2024-11-26,4.21,4.3,4.48,"data/raw/treasury_2024.html",,,,,,,,,
2024-11-27,4.19,4.25,4.44,"data/raw/treasury_2024.html",,,,,,,,,
2024-11-29,4.13,4.18,4.36,"data/raw/treasury_2024.html",,,,,,,,,
2024-12-02,4.17,4.19,4.36,"data/raw/treasury_2024.html",,,,,,,,,
2024-12-03,4.17,4.23,4.4,"data/raw/treasury_2024.html",,,,,,,,,
2024-12-04,4.13,4.19,4.35,"data/raw/treasury_2024.html",,,,,,,,,
2024-12-05,4.15,4.17,4.33,"data/raw/treasury_2024.html",,,,,,,,,
2024-12-06,4.1,4.15,4.34,"data/raw/treasury_2024.html",,,,,,,,,
2024-12-09,4.13,4.2,4.39,"data/raw/treasury_2024.html",,,,,,,,,
2024-12-10,4.15,4.22,4.41,"data/raw/treasury_2024.html",,,,,,,,,
2024-12-11,4.15,4.26,4.48,"data/raw/treasury_2024.html",,,,,,,,,
2024-12-12,4.18,4.32,4.55,"data/raw/treasury_2024.html",,,,,,,,,
2024-12-13,4.25,4.4,4.61,"data/raw/treasury_2024.html",,,,,,,,,
2024-12-16,4.25,4.39,4.6,"data/raw/treasury_2024.html",,,,,,,,,
2024-12-17,4.25,4.4,4.59,"data/raw/treasury_2024.html",,,,,,,,,
2024-12-18,4.35,4.5,4.65,"data/raw/treasury_2024.html",2024-12-19,"Cut",-25,4.25,4.5,"https://www.federalreserve.gov/newsevents/pressreleases/monetary20241218a.htm","data/raw/fed_openmarket.html","data/raw/fed_statement_20241218.html","In support of its goals, the Committee decided to lower the target range for the federal funds rate by 1/4 percentage point to 4-1/4 to 4-1/2 percent. In considering the extent and timing of additional adjustments to the target range for the federal funds rate, the Committee will carefully assess incoming data, the evolving outlook, and the balance of risks. The Committee will continue reducing its holdings of Treasury securities and agency debt and agency mortgage‑backed securities. The Committee is strongly committed to supporting maximum employment and returning inflation to its 2 percent objective."
2024-12-19,4.32,4.57,4.74,"data/raw/treasury_2024.html",,,,,,,,,
2024-12-20,4.3,4.52,4.72,"data/raw/treasury_2024.html",,,,,,,,,
2024-12-23,4.3,4.59,4.78,"data/raw/treasury_2024.html",,,,,,,,,
2024-12-24,4.29,4.59,4.76,"data/raw/treasury_2024.html",,,,,,,,,
2024-12-26,4.3,4.58,4.76,"data/raw/treasury_2024.html",,,,,,,,,
2024-12-27,4.31,4.62,4.82,"data/raw/treasury_2024.html",,,,,,,,,
2024-12-30,4.24,4.55,4.77,"data/raw/treasury_2024.html",,,,,,,,,
2024-12-31,4.25,4.58,4.78,"data/raw/treasury_2024.html",,,,,,,,,
2025-01-02,4.25,4.57,4.79,"data/raw/treasury_2025.html",,,,,,,,,
2025-01-03,4.28,4.6,4.82,"data/raw/treasury_2025.html",,,,,,,,,
2025-01-06,4.28,4.62,4.85,"data/raw/treasury_2025.html",,,,,,,,,
2025-01-07,4.3,4.67,4.91,"data/raw/treasury_2025.html",,,,,,,,,
2025-01-08,4.28,4.67,4.91,"data/raw/treasury_2025.html",,,,,,,,,
2025-01-09,4.27,4.68,4.92,"data/raw/treasury_2025.html",,,,,,,,,
2025-01-10,4.4,4.77,4.96,"data/raw/treasury_2025.html",,,,,,,,,
2025-01-13,4.4,4.79,4.97,"data/raw/treasury_2025.html",,,,,,,,,
2025-01-14,4.37,4.78,4.98,"data/raw/treasury_2025.html",,,,,,,,,
2025-01-15,4.27,4.66,4.88,"data/raw/treasury_2025.html",,,,,,,,,
2025-01-16,4.23,4.61,4.84,"data/raw/treasury_2025.html",,,,,,,,,
2025-01-17,4.27,4.61,4.84,"data/raw/treasury_2025.html",,,,,,,,,
2025-01-21,4.29,4.57,4.8,"data/raw/treasury_2025.html",,,,,,,,,
2025-01-22,4.29,4.6,4.82,"data/raw/treasury_2025.html",,,,,,,,,
2025-01-23,4.29,4.65,4.87,"data/raw/treasury_2025.html",,,,,,,,,
2025-01-24,4.27,4.63,4.85,"data/raw/treasury_2025.html",,,,,,,,,
2025-01-27,4.17,4.53,4.76,"data/raw/treasury_2025.html",,,,,,,,,
2025-01-28,4.19,4.55,4.78,"data/raw/treasury_2025.html",,,,,,,,,
2025-01-29,4.21,4.55,4.79,"data/raw/treasury_2025.html",,,,,,,,,
2025-01-30,4.18,4.52,4.76,"data/raw/treasury_2025.html",,,,,,,,,
2025-01-31,4.22,4.58,4.83,"data/raw/treasury_2025.html",,,,,,,,,
2025-02-03,4.26,4.54,4.77,"data/raw/treasury_2025.html",,,,,,,,,
2025-02-04,4.21,4.52,4.75,"data/raw/treasury_2025.html",,,,,,,,,
2025-02-05,4.17,4.43,4.64,"data/raw/treasury_2025.html",,,,,,,,,
2025-02-06,4.21,4.45,4.65,"data/raw/treasury_2025.html",,,,,,,,,
2025-02-07,4.29,4.49,4.69,"data/raw/treasury_2025.html",,,,,,,,,
2025-02-10,4.28,4.51,4.71,"data/raw/treasury_2025.html",,,,,,,,,
2025-02-11,4.29,4.54,4.75,"data/raw/treasury_2025.html",,,,,,,,,
2025-02-12,4.36,4.62,4.83,"data/raw/treasury_2025.html",,,,,,,,,
2025-02-13,4.31,4.52,4.72,"data/raw/treasury_2025.html",,,,,,,,,
2025-02-14,4.26,4.47,4.69,"data/raw/treasury_2025.html",,,,,,,,,
2025-02-18,4.29,4.55,4.77,"data/raw/treasury_2025.html",,,,,,,,,
2025-02-19,4.28,4.53,4.76,"data/raw/treasury_2025.html",,,,,,,,,
2025-02-20,4.28,4.5,4.74,"data/raw/treasury_2025.html",,,,,,,,,
2025-02-21,4.19,4.42,4.67,"data/raw/treasury_2025.html",,,,,,,,,
2025-02-24,4.13,4.4,4.66,"data/raw/treasury_2025.html",,,,,,,,,
2025-02-25,4.07,4.3,4.55,"data/raw/treasury_2025.html",,,,,,,,,
2025-02-26,4.05,4.25,4.51,"data/raw/treasury_2025.html",,,,,,,,,
2025-02-27,4.07,4.29,4.56,"data/raw/treasury_2025.html",,,,,,,,,
2025-02-28,3.99,4.24,4.51,"data/raw/treasury_2025.html",,,,,,,,,
2025-03-03,3.96,4.16,4.45,"data/raw/treasury_2025.html",,,,,,,,,
2025-03-04,3.96,4.22,4.53,"data/raw/treasury_2025.html",,,,,,,,,
2025-03-05,3.99,4.28,4.57,"data/raw/treasury_2025.html",,,,,,,,,
2025-03-06,3.96,4.29,4.58,"data/raw/treasury_2025.html",,,,,,,,,
2025-03-07,3.99,4.32,4.62,"data/raw/treasury_2025.html",,,,,,,,,
2025-03-10,3.89,4.22,4.54,"data/raw/treasury_2025.html",,,,,,,,,
2025-03-11,3.94,4.28,4.59,"data/raw/treasury_2025.html",,,,,,,,,
2025-03-12,4.01,4.32,4.63,"data/raw/treasury_2025.html",,,,,,,,,
2025-03-13,3.94,4.27,4.59,"data/raw/treasury_2025.html",,,,,,,,,
2025-03-14,4.02,4.31,4.62,"data/raw/treasury_2025.html",,,,,,,,,
2025-03-17,4.06,4.31,4.6,"data/raw/treasury_2025.html",,,,,,,,,
2025-03-18,4.04,4.29,4.58,"data/raw/treasury_2025.html",,,,,,,,,
2025-03-19,3.99,4.25,4.56,"data/raw/treasury_2025.html",,,,,,,,,
2025-03-20,3.95,4.24,4.55,"data/raw/treasury_2025.html",,,,,,,,,
2025-03-21,3.94,4.25,4.59,"data/raw/treasury_2025.html",,,,,,,,,
2025-03-24,4.04,4.34,4.66,"data/raw/treasury_2025.html",,,,,,,,,
2025-03-25,3.96,4.31,4.65,"data/raw/treasury_2025.html",,,,,,,,,
2025-03-26,3.98,4.35,4.69,"data/raw/treasury_2025.html",,,,,,,,,
2025-03-27,3.97,4.38,4.73,"data/raw/treasury_2025.html",,,,,,,,,
2025-03-28,3.89,4.27,4.64,"data/raw/treasury_2025.html",,,,,,,,,
2025-03-31,3.89,4.23,4.59,"data/raw/treasury_2025.html",,,,,,,,,
2025-04-01,3.87,4.17,4.52,"data/raw/treasury_2025.html",,,,,,,,,
2025-04-02,3.91,4.2,4.54,"data/raw/treasury_2025.html",,,,,,,,,
2025-04-03,3.71,4.06,4.49,"data/raw/treasury_2025.html",,,,,,,,,
2025-04-04,3.68,4.01,4.41,"data/raw/treasury_2025.html",,,,,,,,,
2025-04-07,3.73,4.15,4.58,"data/raw/treasury_2025.html",,,,,,,,,
2025-04-08,3.71,4.26,4.71,"data/raw/treasury_2025.html",,,,,,,,,
2025-04-09,3.91,4.34,4.72,"data/raw/treasury_2025.html",,,,,,,,,
2025-04-10,3.84,4.4,4.86,"data/raw/treasury_2025.html",,,,,,,,,
2025-04-11,3.96,4.48,4.85,"data/raw/treasury_2025.html",,,,,,,,,
2025-04-14,3.84,4.38,4.8,"data/raw/treasury_2025.html",,,,,,,,,
2025-04-15,3.84,4.35,4.79,"data/raw/treasury_2025.html",,,,,,,,,
2025-04-16,3.77,4.29,4.74,"data/raw/treasury_2025.html",,,,,,,,,
2025-04-17,3.81,4.34,4.8,"data/raw/treasury_2025.html",,,,,,,,,
2025-04-21,3.75,4.42,4.91,"data/raw/treasury_2025.html",,,,,,,,,
2025-04-22,3.76,4.41,4.88,"data/raw/treasury_2025.html",,,,,,,,,
2025-04-23,3.81,4.4,4.83,"data/raw/treasury_2025.html",,,,,,,,,
2025-04-24,3.77,4.32,4.77,"data/raw/treasury_2025.html",,,,,,,,,
2025-04-25,3.74,4.29,4.74,"data/raw/treasury_2025.html",,,,,,,,,
2025-04-28,3.67,4.23,4.69,"data/raw/treasury_2025.html",,,,,,,,,
2025-04-29,3.65,4.19,4.64,"data/raw/treasury_2025.html",,,,,,,,,
2025-04-30,3.6,4.17,4.66,"data/raw/treasury_2025.html",,,,,,,,,
2025-05-01,3.7,4.25,4.74,"data/raw/treasury_2025.html",,,,,,,,,
2025-05-02,3.83,4.33,4.79,"data/raw/treasury_2025.html",,,,,,,,,
2025-05-05,3.83,4.36,4.83,"data/raw/treasury_2025.html",,,,,,,,,
2025-05-06,3.78,4.3,4.81,"data/raw/treasury_2025.html",,,,,,,,,
2025-05-07,3.78,4.26,4.77,"data/raw/treasury_2025.html",,,,,,,,,
2025-05-08,3.9,4.37,4.83,"data/raw/treasury_2025.html",,,,,,,,,
2025-05-09,3.88,4.37,4.83,"data/raw/treasury_2025.html",,,,,,,,,
2025-05-12,3.98,4.45,4.89,"data/raw/treasury_2025.html",,,,,,,,,
2025-05-13,4.02,4.49,4.94,"data/raw/treasury_2025.html",,,,,,,,,
2025-05-14,4.05,4.53,4.97,"data/raw/treasury_2025.html",,,,,,,,,
2025-05-15,3.96,4.45,4.91,"data/raw/treasury_2025.html",,,,,,,,,
2025-05-16,3.98,4.43,4.89,"data/raw/treasury_2025.html",,,,,,,,,
2025-05-19,3.97,4.46,4.92,"data/raw/treasury_2025.html",,,,,,,,,
2025-05-20,3.97,4.48,4.96,"data/raw/treasury_2025.html",,,,,,,,,
2025-05-21,4,4.58,5.08,"data/raw/treasury_2025.html",,,,,,,,,
2025-05-22,4,4.54,5.05,"data/raw/treasury_2025.html",,,,,,,,,
2025-05-23,4,4.51,5.04,"data/raw/treasury_2025.html",,,,,,,,,
2025-05-27,3.92,4.43,4.94,"data/raw/treasury_2025.html",,,,,,,,,
2025-05-28,3.96,4.47,4.97,"data/raw/treasury_2025.html",,,,,,,,,
2025-05-29,3.92,4.43,4.92,"data/raw/treasury_2025.html",,,,,,,,,
2025-05-30,3.89,4.41,4.92,"data/raw/treasury_2025.html",,,,,,,,,
2025-06-02,3.94,4.46,4.99,"data/raw/treasury_2025.html",,,,,,,,,
2025-06-03,3.96,4.46,4.98,"data/raw/treasury_2025.html",,,,,,,,,
2025-06-04,3.87,4.37,4.89,"data/raw/treasury_2025.html",,,,,,,,,
2025-06-05,3.92,4.4,4.88,"data/raw/treasury_2025.html",,,,,,,,,
2025-06-06,4.04,4.51,4.97,"data/raw/treasury_2025.html",,,,,,,,,
2025-06-09,4.01,4.49,4.95,"data/raw/treasury_2025.html",,,,,,,,,
2025-06-10,4.01,4.47,4.93,"data/raw/treasury_2025.html",,,,,,,,,
2025-06-11,3.94,4.41,4.91,"data/raw/treasury_2025.html",,,,,,,,,
2025-06-12,3.9,4.36,4.84,"data/raw/treasury_2025.html",,,,,,,,,
2025-06-13,3.96,4.41,4.9,"data/raw/treasury_2025.html",,,,,,,,,
2025-06-16,3.97,4.46,4.96,"data/raw/treasury_2025.html",,,,,,,,,
2025-06-17,3.94,4.39,4.88,"data/raw/treasury_2025.html",,,,,,,,,
2025-06-18,3.94,4.38,4.88,"data/raw/treasury_2025.html",,,,,,,,,
2025-06-20,3.9,4.38,4.89,"data/raw/treasury_2025.html",,,,,,,,,
2025-06-23,3.84,4.34,4.87,"data/raw/treasury_2025.html",,,,,,,,,
2025-06-24,3.75,4.3,4.83,"data/raw/treasury_2025.html",,,,,,,,,
2025-06-25,3.74,4.29,4.83,"data/raw/treasury_2025.html",,,,,,,,,
2025-06-26,3.7,4.26,4.81,"data/raw/treasury_2025.html",,,,,,,,,
2025-06-27,3.73,4.29,4.85,"data/raw/treasury_2025.html",,,,,,,,,
2025-06-30,3.72,4.24,4.78,"data/raw/treasury_2025.html",,,,,,,,,
2025-07-01,3.78,4.26,4.78,"data/raw/treasury_2025.html",,,,,,,,,
2025-07-02,3.78,4.3,4.82,"data/raw/treasury_2025.html",,,,,,,,,
2025-07-03,3.88,4.35,4.86,"data/raw/treasury_2025.html",,,,,,,,,
2025-07-07,3.9,4.4,4.92,"data/raw/treasury_2025.html",,,,,,,,,
2025-07-08,3.9,4.42,4.94,"data/raw/treasury_2025.html",,,,,,,,,
2025-07-09,3.86,4.34,4.87,"data/raw/treasury_2025.html",,,,,,,,,
2025-07-10,3.86,4.35,4.86,"data/raw/treasury_2025.html",,,,,,,,,
2025-07-11,3.9,4.43,4.96,"data/raw/treasury_2025.html",,,,,,,,,
2025-07-14,3.9,4.43,4.97,"data/raw/treasury_2025.html",,,,,,,,,
2025-07-15,3.95,4.5,5.01,"data/raw/treasury_2025.html",,,,,,,,,
2025-07-16,3.88,4.46,5.01,"data/raw/treasury_2025.html",,,,,,,,,
2025-07-17,3.91,4.47,5.01,"data/raw/treasury_2025.html",,,,,,,,,
2025-07-18,3.88,4.44,5,"data/raw/treasury_2025.html",,,,,,,,,
2025-07-21,3.85,4.38,4.94,"data/raw/treasury_2025.html",,,,,,,,,
2025-07-22,3.83,4.35,4.9,"data/raw/treasury_2025.html",,,,,,,,,
2025-07-23,3.88,4.4,4.95,"data/raw/treasury_2025.html",,,,,,,,,
2025-07-24,3.91,4.43,4.96,"data/raw/treasury_2025.html",,,,,,,,,
2025-07-25,3.91,4.4,4.92,"data/raw/treasury_2025.html",,,,,,,,,
2025-07-28,3.91,4.42,4.96,"data/raw/treasury_2025.html",,,,,,,,,
2025-07-29,3.86,4.34,4.86,"data/raw/treasury_2025.html",,,,,,,,,
2025-07-30,3.94,4.38,4.89,"data/raw/treasury_2025.html",,,,,,,,,
2025-07-31,3.94,4.37,4.89,"data/raw/treasury_2025.html",,,,,,,,,
2025-08-01,3.69,4.23,4.81,"data/raw/treasury_2025.html",,,,,,,,,
2025-08-04,3.69,4.22,4.8,"data/raw/treasury_2025.html",,,,,,,,,
2025-08-05,3.72,4.22,4.78,"data/raw/treasury_2025.html",,,,,,,,,
2025-08-06,3.69,4.22,4.81,"data/raw/treasury_2025.html",,,,,,,,,
2025-08-07,3.72,4.23,4.81,"data/raw/treasury_2025.html",,,,,,,,,
2025-08-08,3.76,4.27,4.85,"data/raw/treasury_2025.html",,,,,,,,,
2025-08-11,3.76,4.27,4.84,"data/raw/treasury_2025.html",,,,,,,,,
2025-08-12,3.72,4.29,4.88,"data/raw/treasury_2025.html",,,,,,,,,
2025-08-13,3.67,4.24,4.83,"data/raw/treasury_2025.html",,,,,,,,,
2025-08-14,3.74,4.29,4.88,"data/raw/treasury_2025.html",,,,,,,,,
2025-08-15,3.75,4.33,4.92,"data/raw/treasury_2025.html",,,,,,,,,
2025-08-18,3.77,4.34,4.94,"data/raw/treasury_2025.html",,,,,,,,,
2025-08-19,3.75,4.3,4.9,"data/raw/treasury_2025.html",,,,,,,,,
2025-08-20,3.74,4.29,4.89,"data/raw/treasury_2025.html",,,,,,,,,
2025-08-21,3.79,4.33,4.92,"data/raw/treasury_2025.html",,,,,,,,,
2025-08-22,3.68,4.26,4.88,"data/raw/treasury_2025.html",,,,,,,,,
2025-08-25,3.73,4.28,4.89,"data/raw/treasury_2025.html",,,,,,,,,
2025-08-26,3.61,4.26,4.9,"data/raw/treasury_2025.html",,,,,,,,,
2025-08-27,3.59,4.24,4.91,"data/raw/treasury_2025.html",,,,,,,,,
2025-08-28,3.62,4.22,4.88,"data/raw/treasury_2025.html",,,,,,,,,
2025-08-29,3.59,4.23,4.92,"data/raw/treasury_2025.html",,,,,,,,,
2025-09-02,3.66,4.28,4.97,"data/raw/treasury_2025.html",,,,,,,,,
2025-09-03,3.61,4.22,4.9,"data/raw/treasury_2025.html",,,,,,,,,
2025-09-04,3.59,4.17,4.86,"data/raw/treasury_2025.html",,,,,,,,,
2025-09-05,3.51,4.1,4.78,"data/raw/treasury_2025.html",,,,,,,,,
2025-09-08,3.49,4.05,4.69,"data/raw/treasury_2025.html",,,,,,,,,
2025-09-09,3.54,4.08,4.72,"data/raw/treasury_2025.html",,,,,,,,,
2025-09-10,3.54,4.04,4.69,"data/raw/treasury_2025.html",,,,,,,,,
2025-09-11,3.52,4.01,4.65,"data/raw/treasury_2025.html",,,,,,,,,
2025-09-12,3.56,4.06,4.68,"data/raw/treasury_2025.html",,,,,,,,,
2025-09-15,3.54,4.05,4.66,"data/raw/treasury_2025.html",,,,,,,,,
2025-09-16,3.51,4.04,4.65,"data/raw/treasury_2025.html",,,,,,,,,
2025-09-17,3.52,4.06,4.66,"data/raw/treasury_2025.html",2025-09-18,"Cut",-25,4,4.25,"https://www.federalreserve.gov/newsevents/pressreleases/monetary20250917a.htm","data/raw/fed_openmarket.html","data/raw/fed_statement_20250917.html","In support of its goals and in light of the shift in the balance of risks, the Committee decided to lower the target range for the federal funds rate by 1/4 percentage point to 4 to 4‑1/4 percent. In considering additional adjustments to the target range for the federal funds rate, the Committee will carefully assess incoming data, the evolving outlook, and the balance of risks. The Committee will continue reducing its holdings of Treasury securities and agency debt and agency mortgage‑backed securities. The Committee is strongly committed to supporting maximum employment and returning inflation to its 2 percent objective."
2025-09-18,3.57,4.11,4.72,"data/raw/treasury_2025.html",,,,,,,,,
2025-09-19,3.57,4.14,4.75,"data/raw/treasury_2025.html",,,,,,,,,
2025-09-22,3.61,4.15,4.77,"data/raw/treasury_2025.html",,,,,,,,,
2025-09-23,3.53,4.12,4.73,"data/raw/treasury_2025.html",,,,,,,,,
2025-09-24,3.57,4.16,4.76,"data/raw/treasury_2025.html",,,,,,,,,
2025-09-25,3.64,4.18,4.75,"data/raw/treasury_2025.html",,,,,,,,,
2025-09-26,3.63,4.2,4.77,"data/raw/treasury_2025.html",,,,,,,,,
2025-09-29,3.63,4.15,4.71,"data/raw/treasury_2025.html",,,,,,,,,
2025-09-30,3.6,4.16,4.73,"data/raw/treasury_2025.html",,,,,,,,,
2025-10-01,3.55,4.12,4.72,"data/raw/treasury_2025.html",,,,,,,,,
2025-10-02,3.55,4.1,4.69,"data/raw/treasury_2025.html",,,,,,,,,
2025-10-03,3.58,4.13,4.71,"data/raw/treasury_2025.html",,,,,,,,,
2025-10-06,3.6,4.18,4.76,"data/raw/treasury_2025.html",,,,,,,,,
2025-10-07,3.57,4.14,4.73,"data/raw/treasury_2025.html",,,,,,,,,
2025-10-08,3.58,4.13,4.72,"data/raw/treasury_2025.html",,,,,,,,,
2025-10-09,3.6,4.14,4.72,"data/raw/treasury_2025.html",,,,,,,,,
2025-10-10,3.52,4.05,4.63,"data/raw/treasury_2025.html",,,,,,,,,
2025-10-14,3.48,4.03,4.62,"data/raw/treasury_2025.html",,,,,,,,,
2025-10-15,3.5,4.05,4.64,"data/raw/treasury_2025.html",,,,,,,,,
2025-10-16,3.41,3.99,4.58,"data/raw/treasury_2025.html",,,,,,,,,
2025-10-17,3.46,4.02,4.6,"data/raw/treasury_2025.html",,,,,,,,,
2025-10-20,3.46,4,4.58,"data/raw/treasury_2025.html",,,,,,,,,
2025-10-21,3.45,3.98,4.55,"data/raw/treasury_2025.html",,,,,,,,,
2025-10-22,3.45,3.97,4.54,"data/raw/treasury_2025.html",,,,,,,,,
2025-10-23,3.48,4.01,4.58,"data/raw/treasury_2025.html",,,,,,,,,
2025-10-24,3.48,4.02,4.59,"data/raw/treasury_2025.html",,,,,,,,,
2025-10-27,3.48,4.01,4.57,"data/raw/treasury_2025.html",,,,,,,,,
2025-10-28,3.47,3.99,4.55,"data/raw/treasury_2025.html",,,,,,,,,
2025-10-29,3.59,4.08,4.61,"data/raw/treasury_2025.html",2025-10-30,"Cut",-25,3.75,4,"https://www.federalreserve.gov/newsevents/pressreleases/monetary20251029a.htm","data/raw/fed_openmarket.html","data/raw/fed_statement_20251029.html","In support of its goals and in light of the shift in the balance of risks, the Committee decided to lower the target range for the federal funds rate by 1/4 percentage point to 3-3/4 to 4 percent. In considering additional adjustments to the target range for the federal funds rate, the Committee will carefully assess incoming data, the evolving outlook, and the balance of risks. The Committee decided to conclude the reduction of its aggregate securities holdings on December 1. The Committee is strongly committed to supporting maximum employment and returning inflation to its 2 percent objective."
2025-10-30,3.61,4.11,4.65,"data/raw/treasury_2025.html",,,,,,,,,
2025-10-31,3.6,4.11,4.67,"data/raw/treasury_2025.html",,,,,,,,,
2025-11-03,3.6,4.13,4.69,"data/raw/treasury_2025.html",,,,,,,,,
2025-11-04,3.58,4.1,4.67,"data/raw/treasury_2025.html",,,,,,,,,
2025-11-05,3.63,4.17,4.74,"data/raw/treasury_2025.html",,,,,,,,,
2025-11-06,3.57,4.11,4.69,"data/raw/treasury_2025.html",,,,,,,,,
2025-11-07,3.55,4.11,4.7,"data/raw/treasury_2025.html",,,,,,,,,
2025-11-10,3.58,4.13,4.71,"data/raw/treasury_2025.html",,,,,,,,,
2025-11-12,3.56,4.08,4.67,"data/raw/treasury_2025.html",,,,,,,,,
2025-11-13,3.58,4.11,4.7,"data/raw/treasury_2025.html",,,,,,,,,
2025-11-14,3.62,4.14,4.74,"data/raw/treasury_2025.html",,,,,,,,,
2025-11-17,3.6,4.13,4.73,"data/raw/treasury_2025.html",,,,,,,,,
2025-11-18,3.58,4.12,4.74,"data/raw/treasury_2025.html",,,,,,,,,
2025-11-19,3.58,4.13,4.75,"data/raw/treasury_2025.html",,,,,,,,,
2025-11-20,3.55,4.1,4.73,"data/raw/treasury_2025.html",,,,,,,,,
2025-11-21,3.51,4.06,4.71,"data/raw/treasury_2025.html",,,,,,,,,
2025-11-24,3.46,4.04,4.68,"data/raw/treasury_2025.html",,,,,,,,,
2025-11-25,3.43,4.01,4.67,"data/raw/treasury_2025.html",,,,,,,,,
2025-11-26,3.45,4,4.64,"data/raw/treasury_2025.html",,,,,,,,,
2025-11-28,3.47,4.02,4.67,"data/raw/treasury_2025.html",,,,,,,,,
2025-12-01,3.54,4.09,4.74,"data/raw/treasury_2025.html",,,,,,,,,
2025-12-02,3.51,4.09,4.74,"data/raw/treasury_2025.html",,,,,,,,,
2025-12-03,3.49,4.06,4.73,"data/raw/treasury_2025.html",,,,,,,,,
2025-12-04,3.52,4.11,4.76,"data/raw/treasury_2025.html",,,,,,,,,
2025-12-05,3.56,4.14,4.79,"data/raw/treasury_2025.html",,,,,,,,,
2025-12-08,3.57,4.17,4.81,"data/raw/treasury_2025.html",,,,,,,,,
2025-12-09,3.61,4.18,4.8,"data/raw/treasury_2025.html",,,,,,,,,
2025-12-10,3.54,4.13,4.78,"data/raw/treasury_2025.html",2025-12-11,"Cut",-25,3.5,3.75,"https://www.federalreserve.gov/newsevents/pressreleases/monetary20251210a.htm","data/raw/fed_openmarket.html","data/raw/fed_statement_20251210.html","In support of its goals and in light of the shift in the balance of risks, the Committee decided to lower the target range for the federal funds rate by 1/4 percentage point to 3-1/2 to 3‑3/4 percent. In considering the extent and timing of additional adjustments to the target range for the federal funds rate, the Committee will carefully assess incoming data, the evolving outlook, and the balance of risks. The Committee is strongly committed to supporting maximum employment and returning inflation to its 2 percent objective."
2025-12-11,3.52,4.14,4.79,"data/raw/treasury_2025.html",,,,,,,,,
2025-12-12,3.52,4.19,4.85,"data/raw/treasury_2025.html",,,,,,,,,
2025-12-15,3.51,4.18,4.84,"data/raw/treasury_2025.html",,,,,,,,,
2025-12-16,3.48,4.15,4.82,"data/raw/treasury_2025.html",,,,,,,,,
2025-12-17,3.49,4.16,4.83,"data/raw/treasury_2025.html",,,,,,,,,
2025-12-18,3.46,4.12,4.8,"data/raw/treasury_2025.html",,,,,,,,,
2025-12-19,3.48,4.16,4.82,"data/raw/treasury_2025.html",,,,,,,,,
2025-12-22,3.44,4.17,4.84,"data/raw/treasury_2025.html",,,,,,,,,
2025-12-23,3.48,4.18,4.83,"data/raw/treasury_2025.html",,,,,,,,,
2025-12-24,3.47,4.15,4.79,"data/raw/treasury_2025.html",,,,,,,,,
2025-12-26,3.46,4.14,4.81,"data/raw/treasury_2025.html",,,,,,,,,
2025-12-29,3.45,4.12,4.8,"data/raw/treasury_2025.html",,,,,,,,,
2025-12-30,3.45,4.14,4.81,"data/raw/treasury_2025.html",,,,,,,,,
2025-12-31,3.47,4.18,4.84,"data/raw/treasury_2025.html",,,,,,,,,
2026-01-02,3.47,4.19,4.86,"data/raw/treasury_2026.html",,,,,,,,,
2026-01-05,3.46,4.17,4.85,"data/raw/treasury_2026.html",,,,,,,,,
2026-01-06,3.47,4.18,4.86,"data/raw/treasury_2026.html",,,,,,,,,
2026-01-07,3.47,4.15,4.82,"data/raw/treasury_2026.html",,,,,,,,,
2026-01-08,3.49,4.19,4.85,"data/raw/treasury_2026.html",,,,,,,,,
2026-01-09,3.54,4.18,4.82,"data/raw/treasury_2026.html",,,,,,,,,
2026-01-12,3.54,4.19,4.83,"data/raw/treasury_2026.html",,,,,,,,,
2026-01-13,3.53,4.18,4.83,"data/raw/treasury_2026.html",,,,,,,,,
2026-01-14,3.51,4.15,4.79,"data/raw/treasury_2026.html",,,,,,,,,
2026-01-15,3.56,4.17,4.79,"data/raw/treasury_2026.html",,,,,,,,,
2026-01-16,3.59,4.24,4.83,"data/raw/treasury_2026.html",,,,,,,,,
2026-01-20,3.6,4.3,4.91,"data/raw/treasury_2026.html",,,,,,,,,
2026-01-21,3.6,4.26,4.87,"data/raw/treasury_2026.html",,,,,,,,,
2026-01-22,3.61,4.26,4.84,"data/raw/treasury_2026.html",,,,,,,,,
2026-01-23,3.6,4.24,4.82,"data/raw/treasury_2026.html",,,,,,,,,
2026-01-26,3.56,4.22,4.8,"data/raw/treasury_2026.html",,,,,,,,,
2026-01-27,3.53,4.24,4.83,"data/raw/treasury_2026.html",,,,,,,,,
2026-01-28,3.56,4.26,4.85,"data/raw/treasury_2026.html",,,,,,,,,
2026-01-29,3.53,4.24,4.85,"data/raw/treasury_2026.html",,,,,,,,,
2026-01-30,3.52,4.26,4.87,"data/raw/treasury_2026.html",,,,,,,,,
2026-02-02,3.57,4.29,4.9,"data/raw/treasury_2026.html",,,,,,,,,
2026-02-03,3.57,4.28,4.9,"data/raw/treasury_2026.html",,,,,,,,,
2026-02-04,3.57,4.29,4.91,"data/raw/treasury_2026.html",,,,,,,,,
2026-02-05,3.47,4.21,4.85,"data/raw/treasury_2026.html",,,,,,,,,
2026-02-06,3.5,4.22,4.85,"data/raw/treasury_2026.html",,,,,,,,,
2026-02-09,3.48,4.22,4.85,"data/raw/treasury_2026.html",,,,,,,,,
2026-02-10,3.45,4.16,4.78,"data/raw/treasury_2026.html",,,,,,,,,
2026-02-11,3.52,4.18,4.82,"data/raw/treasury_2026.html",,,,,,,,,
2026-02-12,3.47,4.09,4.72,"data/raw/treasury_2026.html",,,,,,,,,
2026-02-13,3.4,4.04,4.69,"data/raw/treasury_2026.html",,,,,,,,,
2026-02-17,3.43,4.05,4.68,"data/raw/treasury_2026.html",,,,,,,,,
2026-02-18,3.47,4.09,4.71,"data/raw/treasury_2026.html",,,,,,,,,
2026-02-19,3.47,4.08,4.7,"data/raw/treasury_2026.html",,,,,,,,,
2026-02-20,3.48,4.08,4.72,"data/raw/treasury_2026.html",,,,,,,,,
2026-02-23,3.43,4.03,4.7,"data/raw/treasury_2026.html",,,,,,,,,
2026-02-24,3.43,4.04,4.7,"data/raw/treasury_2026.html",,,,,,,,,
2026-02-25,3.45,4.05,4.7,"data/raw/treasury_2026.html",,,,,,,,,
2026-02-26,3.42,4.02,4.67,"data/raw/treasury_2026.html",,,,,,,,,
2026-02-27,3.38,3.97,4.64,"data/raw/treasury_2026.html",,,,,,,,,
2026-03-02,3.47,4.05,4.7,"data/raw/treasury_2026.html",,,,,,,,,
2026-03-03,3.51,4.06,4.7,"data/raw/treasury_2026.html",,,,,,,,,
2026-03-04,3.54,4.09,4.72,"data/raw/treasury_2026.html",,,,,,,,,
2026-03-05,3.57,4.13,4.74,"data/raw/treasury_2026.html",,,,,,,,,
2026-03-06,3.56,4.15,4.77,"data/raw/treasury_2026.html",,,,,,,,,
2026-03-09,3.56,4.12,4.72,"data/raw/treasury_2026.html",,,,,,,,,
2026-03-10,3.57,4.15,4.78,"data/raw/treasury_2026.html",,,,,,,,,
2026-03-11,3.64,4.21,4.86,"data/raw/treasury_2026.html",,,,,,,,,
2026-03-12,3.76,4.27,4.88,"data/raw/treasury_2026.html",,,,,,,,,
2026-03-13,3.73,4.28,4.9,"data/raw/treasury_2026.html",,,,,,,,,
2026-03-16,3.68,4.23,4.86,"data/raw/treasury_2026.html",,,,,,,,,
2026-03-17,3.68,4.2,4.85,"data/raw/treasury_2026.html",,,,,,,,,
2026-03-18,3.76,4.26,4.88,"data/raw/treasury_2026.html",,,,,,,,,
2026-03-19,3.79,4.25,4.83,"data/raw/treasury_2026.html",,,,,,,,,
2026-03-20,3.88,4.39,4.96,"data/raw/treasury_2026.html",,,,,,,,,
2026-03-23,3.83,4.34,4.91,"data/raw/treasury_2026.html",,,,,,,,,
2026-03-24,3.9,4.39,4.94,"data/raw/treasury_2026.html",,,,,,,,,
2026-03-25,3.84,4.33,4.89,"data/raw/treasury_2026.html",,,,,,,,,
2026-03-26,3.96,4.42,4.93,"data/raw/treasury_2026.html",,,,,,,,,
2026-03-27,3.88,4.44,4.98,"data/raw/treasury_2026.html",,,,,,,,,
2026-03-30,3.82,4.35,4.91,"data/raw/treasury_2026.html",,,,,,,,,
2026-03-31,3.79,4.3,4.88,"data/raw/treasury_2026.html",,,,,,,,,
2026-04-01,3.81,4.33,4.91,"data/raw/treasury_2026.html",,,,,,,,,
2026-04-02,3.79,4.31,4.88,"data/raw/treasury_2026.html",,,,,,,,,
2026-04-03,3.84,4.35,4.91,"data/raw/treasury_2026.html",,,,,,,,,
2026-04-06,3.84,4.34,4.89,"data/raw/treasury_2026.html",,,,,,,,,
2026-04-07,3.81,4.33,4.9,"data/raw/treasury_2026.html",,,,,,,,,
2026-04-08,3.79,4.29,4.89,"data/raw/treasury_2026.html",,,,,,,,,
2026-04-09,3.78,4.29,4.9,"data/raw/treasury_2026.html",,,,,,,,,
2026-04-10,3.81,4.31,4.91,"data/raw/treasury_2026.html",,,,,,,,,
2026-04-13,3.78,4.3,4.9,"data/raw/treasury_2026.html",,,,,,,,,
2026-04-14,3.76,4.26,4.87,"data/raw/treasury_2026.html",,,,,,,,,
2026-04-15,3.76,4.29,4.89,"data/raw/treasury_2026.html",,,,,,,,,
2026-04-16,3.78,4.32,4.93,"data/raw/treasury_2026.html",,,,,,,,,
2026-04-17,3.71,4.26,4.88,"data/raw/treasury_2026.html",,,,,,,,,
2026-04-20,3.72,4.26,4.88,"data/raw/treasury_2026.html",,,,,,,,,
2026-04-21,3.78,4.3,4.89,"data/raw/treasury_2026.html",,,,,,,,,
2026-04-22,3.79,4.3,4.9,"data/raw/treasury_2026.html",,,,,,,,,
2026-04-23,3.83,4.34,4.92,"data/raw/treasury_2026.html",,,,,,,,,
2026-04-24,3.78,4.31,4.91,"data/raw/treasury_2026.html",,,,,,,,,
2026-04-27,3.78,4.35,4.94,"data/raw/treasury_2026.html",,,,,,,,,
2026-04-28,3.84,4.36,4.94,"data/raw/treasury_2026.html",,,,,,,,,
2026-04-29,3.92,4.42,4.98,"data/raw/treasury_2026.html",,,,,,,,,
2026-04-30,3.88,4.4,4.98,"data/raw/treasury_2026.html",,,,,,,,,
2026-05-01,3.88,4.39,4.97,"data/raw/treasury_2026.html",,,,,,,,,
2026-05-04,3.95,4.45,5.02,"data/raw/treasury_2026.html",,,,,,,,,
2026-05-05,3.93,4.43,4.98,"data/raw/treasury_2026.html",,,,,,,,,
2026-05-06,3.87,4.36,4.94,"data/raw/treasury_2026.html",,,,,,,,,
2026-05-07,3.92,4.41,4.97,"data/raw/treasury_2026.html",,,,,,,,,
2026-05-08,3.9,4.38,4.95,"data/raw/treasury_2026.html",,,,,,,,,
2026-05-11,3.95,4.42,4.98,"data/raw/treasury_2026.html",,,,,,,,,
2026-05-12,4,4.46,5.03,"data/raw/treasury_2026.html",,,,,,,,,
2026-05-13,3.98,4.46,5.03,"data/raw/treasury_2026.html",,,,,,,,,
2026-05-14,4,4.47,5.02,"data/raw/treasury_2026.html",,,,,,,,,
2026-05-15,4.09,4.59,5.12,"data/raw/treasury_2026.html",,,,,,,,,
2026-05-18,4.07,4.61,5.14,"data/raw/treasury_2026.html",,,,,,,,,
2026-05-19,4.13,4.67,5.18,"data/raw/treasury_2026.html",,,,,,,,,
2026-05-20,4.04,4.57,5.11,"data/raw/treasury_2026.html",,,,,,,,,
2026-05-21,4.08,4.57,5.1,"data/raw/treasury_2026.html",,,,,,,,,
2026-05-22,4.13,4.56,5.07,"data/raw/treasury_2026.html",,,,,,,,,
2026-05-26,4.01,4.5,5.03,"data/raw/treasury_2026.html",,,,,,,,,
2026-05-27,4,4.48,5.01,"data/raw/treasury_2026.html",,,,,,,,,
2026-05-28,3.99,4.45,4.98,"data/raw/treasury_2026.html",,,,,,,,,
2026-05-29,3.98,4.45,4.99,"data/raw/treasury_2026.html",,,,,,,,,
2026-06-01,4.05,4.47,4.99,"data/raw/treasury_2026.html",,,,,,,,,
2026-06-02,4.05,4.46,4.97,"data/raw/treasury_2026.html",,,,,,,,,
2026-06-03,4.08,4.49,4.99,"data/raw/treasury_2026.html",,,,,,,,,
2026-06-04,4.05,4.47,4.97,"data/raw/treasury_2026.html",,,,,,,,,
2026-06-05,4.17,4.55,5.01,"data/raw/treasury_2026.html",,,,,,,,,
2026-06-08,4.15,4.56,5.03,"data/raw/treasury_2026.html",,,,,,,,,
2026-06-09,4.13,4.53,5.01,"data/raw/treasury_2026.html",,,,,,,,,
2026-06-10,4.13,4.55,5.03,"data/raw/treasury_2026.html",,,,,,,,,
2026-06-11,4.05,4.45,4.95,"data/raw/treasury_2026.html",,,,,,,,,
2026-06-12,4.09,4.48,4.97,"data/raw/treasury_2026.html",,,,,,,,,
2026-06-15,4.07,4.47,4.97,"data/raw/treasury_2026.html",,,,,,,,,
2026-06-16,4.05,4.43,4.93,"data/raw/treasury_2026.html",,,,,,,,,
2026-06-17,4.2,4.49,4.93,"data/raw/treasury_2026.html",,,,,,,,,
2026-06-18,4.19,4.46,4.9,"data/raw/treasury_2026.html",,,,,,,,,
2026-06-22,4.24,4.51,4.95,"data/raw/treasury_2026.html",,,,,,,,,
2026-06-23,4.16,4.5,4.94,"data/raw/treasury_2026.html",,,,,,,,,
2026-06-24,4.11,4.41,4.86,"data/raw/treasury_2026.html",,,,,,,,,
2026-06-25,4.09,4.4,4.86,"data/raw/treasury_2026.html",,,,,,,,,
2026-06-26,4.07,4.38,4.87,"data/raw/treasury_2026.html",,,,,,,,,
2026-06-29,4.1,4.38,4.86,"data/raw/treasury_2026.html",,,,,,,,,
2026-06-30,4.14,4.44,4.91,"data/raw/treasury_2026.html",,,,,,,,,
2026-07-01,4.17,4.48,4.97,"data/raw/treasury_2026.html",,,,,,,,,
2026-07-02,4.14,4.49,4.98,"data/raw/treasury_2026.html",,,,,,,,,
2026-07-06,4.13,4.48,4.99,"data/raw/treasury_2026.html",,,,,,,,,
2026-07-07,4.19,4.55,5.05,"data/raw/treasury_2026.html",,,,,,,,,
2026-07-08,4.21,4.56,5.06,"data/raw/treasury_2026.html",,,,,,,,,
2026-07-09,4.16,4.54,5.05,"data/raw/treasury_2026.html",,,,,,,,,
2026-07-10,4.21,4.56,5.06,"data/raw/treasury_2026.html",,,,,,,,,
2026-07-13,4.26,4.62,5.1,"data/raw/treasury_2026.html",,,,,,,,,
2026-07-14,4.18,4.58,5.08,"data/raw/treasury_2026.html",,,,,,,,,
2026-07-15,4.13,4.55,5.08,"data/raw/treasury_2026.html",,,,,,,,,
2026-07-16,4.16,4.57,5.09,"data/raw/treasury_2026.html",,,,,,,,,
2026-07-17,4.18,4.55,5.06,"data/raw/treasury_2026.html",,,,,,,,,
2026-07-20,4.21,4.6,5.11,"data/raw/treasury_2026.html",,,,,,,,,
2026-07-21,4.26,4.63,5.13,"data/raw/treasury_2026.html",,,,,,,,,
2026-07-22,4.31,4.67,5.15,"data/raw/treasury_2026.html",,,,,,,,,
2026-07-23,4.37,4.71,5.17,"data/raw/treasury_2026.html",,,,,,,,,
2026-07-24,4.33,4.69,5.16,"data/raw/treasury_2026.html",,,,,,,,,
2026-07-27,4.31,4.65,5.12,"data/raw/treasury_2026.html",,,,,,,,,
2026-07-28,4.26,4.61,5.09,"data/raw/treasury_2026.html",,,,,,,,,
2026-07-29,4.22,4.67,5.2,"data/raw/treasury_2026.html",,,,,,,,,
2026-07-30,4.23,4.68,5.21,"data/raw/treasury_2026.html",,,,,,,,,
2026-07-31,4.28,4.75,5.27,"data/raw/treasury_2026.html",,,,,,,,,
2026-08-03,4.25,4.7,5.23,"data/raw/treasury_2026.html",,,,,,,,,
2026-08-04,4.2,4.63,5.18,"data/raw/treasury_2026.html",,,,,,,,,
2026-08-05,4.18,4.63,5.17,"data/raw/treasury_2026.html",,,,,,,,,
2026-08-06,4.25,4.69,5.22,"data/raw/treasury_2026.html",,,,,,,,,
2026-08-07,4.19,4.65,5.19,"data/raw/treasury_2026.html",,,,,,,,,
2026-08-10,4.25,4.72,5.25,"data/raw/treasury_2026.html",,,,,,,,,
2026-08-11,4.22,4.7,5.24,"data/raw/treasury_2026.html",,,,,,,,,
2026-08-12,4.2,4.68,5.24,"data/raw/treasury_2026.html",,,,,,,,,
2026-08-13,4.15,4.63,5.21,"data/raw/treasury_2026.html",,,,,,,,,
2026-08-14,4.17,4.68,5.25,"data/raw/treasury_2026.html",,,,,,,,,
2026-08-17,4.19,4.72,5.31,"data/raw/treasury_2026.html",,,,,,,,,
2026-08-18,4.19,4.71,5.28,"data/raw/treasury_2026.html",,,,,,,,,
2026-08-19,4.19,4.65,5.19,"data/raw/treasury_2026.html",,,,,,,,,
2026-08-20,4.19,4.69,5.23,"data/raw/treasury_2026.html",,,,,,,,,
2026-08-21,4.24,4.74,5.27,"data/raw/treasury_2026.html",,,,,,,,,
2026-08-24,4.24,4.7,5.23,"data/raw/treasury_2026.html",,,,,,,,,
2026-08-25,4.17,4.64,5.17,"data/raw/treasury_2026.html",,,,,,,,,
2026-08-26,4.19,4.66,5.18,"data/raw/treasury_2026.html",,,,,,,,,
2026-08-27,4.2,4.67,5.19,"data/raw/treasury_2026.html",,,,,,,,,
2026-08-28,4.34,4.73,5.22,"data/raw/treasury_2026.html",,,,,,,,,
2026-08-31,4.34,4.75,5.25,"data/raw/treasury_2026.html",,,,,,,,,
2026-09-01,4.39,4.79,5.27,"data/raw/treasury_2026.html",,,,,,,,,
2026-09-02,4.39,4.79,5.27,"data/raw/treasury_2026.html",,,,,,,,,
2026-09-03,4.34,4.77,5.25,"data/raw/treasury_2026.html",,,,,,,,,
2026-09-04,4.37,4.78,5.24,"data/raw/treasury_2026.html",,,,,,,,,
2026-09-08,4.39,4.8,5.25,"data/raw/treasury_2026.html",,,,,,,,,
2026-09-09,4.43,4.83,5.28,"data/raw/treasury_2026.html",,,,,,,,,
2026-09-10,4.56,4.95,5.37,"data/raw/treasury_2026.html",,,,,,,,,
2026-09-11,4.63,4.96,5.35,"data/raw/treasury_2026.html",,,,,,,,,
2026-09-14,4.65,4.97,5.34,"data/raw/treasury_2026.html",,,,,,,,,
2026-09-15,4.67,5,5.36,"data/raw/treasury_2026.html",,,,,,,,,
2026-09-16,4.74,5.01,5.35,"data/raw/treasury_2026.html",2026-09-17,"Hike",25,3.75,4,"https://www.federalreserve.gov/newsevents/pressreleases/monetary20260916a.htm","data/raw/fed_openmarket.html","data/raw/fed_statement_20260916.html","The Committee decided to raise the target range for the federal funds rate by 1/4 percentage point to 3-3/4 to 4 percent, in support of the Federal Reserve's dual mandate. The Committee is continuing its policy of maintaining ample reserves in the banking system."
2026-09-17,4.67,4.94,5.29,"data/raw/treasury_2026.html",,,,,,,,,
2026-09-18,4.76,5.01,5.34,"data/raw/treasury_2026.html",,,,,,,,,
