"file","sha256"
"results/daily_yields_with_events.csv","78b0c1fe01756956275b9242352456bf6681072b7d83f191486f20477c7f690f"
"results/policy_events_rvest.csv","684dd9a9f32d1f1b905c795b189979ad77a70ad86a1ef1dda17248f1a73c2890"
"results/macro_conditions.csv","43a635e4d8490ffee912ea3894aefe0400ae6285b6d74cf4f391a16864cd0a5a"
"results/announcement_day_yield_changes.csv","c3a5126db41df0bb5ab51d3794f4f8e976d104c3255344dd45563b775e19cbc4"
"results/yield_response_summary.csv","4f844ea863641bba82d96a7f9c2b496b29242c83abf317b361d6829afabddda9"
"results/daily_yields_with_events.png","7390dd93ba1280b44a5a70119381e53080a8ca1175634ac23bbd864a8fc71397"
"results/inflation_unemployment_with_events.png","5c3b0e8dac555e71cd49ff10161a9a7a279893bd6fbe4872e0836d11becfbd66"
"results/announcement_day_yield_changes.png","4fee354fb4b7e588ce25b0a546c4eeb04e6cf35a94c6efcb62582a9cc00080da"
"results/data_checks.csv","2c4a2b614b04f58359aaa3a0e63f32516cd4a21c7d75200945dcab5c93d1559a"
"results/source_log.csv","038c5b6c849e29bc7c0360dba753f9a918cb1da231a87eec5836a09fd8030d07"
